duration,amount,age,installment_rate,present_residence,number_credits,people_liable,status,credit_history,purpose,savings,employment_duration,other_debtors,property,other_installment_plans,housing,job,telephone,__row_id,__y,__gender,__split
6,1169,67,4,4,2,1,status_0,credit_history_4,purpose_4,savings_4,employment_duration_4,other_debtors_0,property_0,other_installment_plans_2,housing_1,job_2,telephone_1,0,0,1,train
48,5951,22,2,2,1,1,status_1,credit_history_2,purpose_4,savings_0,employment_duration_2,other_debtors_0,property_0,other_installment_plans_2,housing_1,job_2,telephone_0,1,1,0,calib
12,2096,49,2,3,1,2,status_3,credit_history_4,purpose_7,savings_0,employment_duration_3,other_debtors_0,property_0,other_installment_plans_2,housing_1,job_1,telephone_0,2,0,1,test
42,7882,45,2,4,1,2,status_0,credit_history_2,purpose_3,savings_0,employment_duration_3,other_debtors_2,property_1,other_installment_plans_2,housing_2,job_2,telephone_0,3,0,1,train
24,4870,53,3,4,2,2,status_0,credit_history_3,purpose_0,savings_0,employment_duration_2,other_debtors_0,property_3,other_installment_plans_2,housing_2,job_2,telephone_0,4,1,1,train
36,9055,35,2,4,1,2,status_3,credit_history_2,purpose_7,savings_4,employment_duration_2,other_debtors_0,property_3,other_installment_plans_2,housing_2,job_1,telephone_1,5,0,1,calib
24,2835,53,3,4,1,1,status_3,credit_history_2,purpose_3,savings_2,employment_duration_4,other_debtors_0,property_1,other_installment_plans_2,housing_1,job_2,telephone_0,6,0,1,train
36,6948,35,2,2,1,1,status_1,credit_history_2,purpose_1,savings_0,employment_duration_2,other_debtors_0,property_2,other_installment_plans_2,housing_0,job_3,telephone_1,7,0,1,calib
12,3059,61,2,4,1,1,status_3,credit_history_2,purpose_4,savings_3,employment_duration_3,other_debtors_0,property_0,other_installment_plans_2,housing_1,job_1,telephone_0,8,0,1,train
30,5234,28,4,2,2,1,status_1,credit_history_4,purpose_0,savings_0,employment_duration_0,other_debtors_0,property_2,other_installment_plans_2,housing_1,job_3,telephone_0,9,1,1,train
12,1295,25,3,1,1,1,status_1,credit_history_2,purpose_0,savings_0,employment_duration_1,other_debtors_0,property_2,other_installment_plans_2,housing_0,job_2,telephone_0,10,1,0,calib
48,4308,24,3,4,1,1,status_0,credit_history_2,purpose_9,savings_0,employment_duration_1,other_debtors_0,property_1,other_installment_plans_2,housing_0,job_2,telephone_0,11,1,0,train
12,1567,22,1,1,1,1,status_1,credit_history_2,purpose_4,savings_0,employment_duration_2,other_debtors_0,property_2,other_installment_plans_2,housing_1,job_2,telephone_1,12,0,0,train
24,1199,60,4,4,2,1,status_0,credit_history_4,purpose_0,savings_0,employment_duration_4,other_debtors_0,property_2,other_installment_plans_2,housing_1,job_1,telephone_0,13,1,1,train
15,1403,28,2,4,1,1,status_0,credit_history_2,purpose_0,savings_0,employment_duration_2,other_debtors_0,property_2,other_installment_plans_2,housing_0,job_2,telephone_0,14,0,0,test
24,1282,32,4,2,1,1,status_0,credit_history_2,purpose_4,savings_1,employment_duration_2,other_debtors_0,property_2,other_installment_plans_2,housing_1,job_1,telephone_0,15,1,0,train
24,2424,53,4,4,2,1,status_3,credit_history_4,purpose_4,savings_4,employment_duration_4,other_debtors_0,property_1,other_installment_plans_2,housing_1,job_2,telephone_0,16,0,1,train
30,8072,25,2,3,3,1,status_0,credit_history_0,purpose_9,savings_4,employment_duration_1,other_debtors_0,property_2,other_installment_plans_0,housing_1,job_2,telephone_0,17,0,1,test
24,12579,44,4,2,1,1,status_1,credit_history_2,purpose_1,savings_0,employment_duration_4,other_debtors_0,property_3,other_installment_plans_2,housing_2,job_3,telephone_1,18,1,0,train
24,3430,31,3,2,1,2,status_3,credit_history_2,purpose_4,savings_2,employment_duration_4,other_debtors_0,property_2,other_installment_plans_2,housing_1,job_2,telephone_1,19,0,1,calib
9,2134,48,4,4,3,1,status_3,credit_history_4,purpose_0,savings_0,employment_duration_2,other_debtors_0,property_2,other_installment_plans_2,housing_1,job_2,telephone_1,20,0,1,train
6,2647,44,2,3,1,2,status_0,credit_history_2,purpose_4,savings_2,employment_duration_2,other_debtors_0,property_0,other_installment_plans_2,housing_0,job_2,telephone_0,21,0,1,train
10,2241,48,1,3,2,2,status_0,credit_history_4,purpose_0,savings_0,employment_duration_1,other_debtors_0,property_0,other_installment_plans_2,housing_0,job_1,telephone_0,22,0,1,train
12,1804,44,3,4,1,1,status_1,credit_history_4,purpose_1,savings_1,employment_duration_1,other_debtors_0,property_1,other_installment_plans_2,housing_1,job_2,telephone_0,23,0,1,calib
10,2069,26,2,1,2,1,status_3,credit_history_4,purpose_3,savings_4,employment_duration_2,other_debtors_0,property_2,other_installment_plans_2,housing_1,job_2,telephone_0,24,0,1,calib
6,1374,36,1,2,1,1,status_0,credit_history_2,purpose_3,savings_0,employment_duration_2,other_debtors_0,property_0,other_installment_plans_0,housing_1,job_1,telephone_1,25,0,1,train
6,426,39,4,4,1,1,status_3,credit_history_0,purpose_4,savings_0,employment_duration_4,other_debtors_0,property_2,other_installment_plans_2,housing_1,job_1,telephone_0,26,0,1,train
12,409,42,3,3,2,1,status_2,credit_history_1,purpose_4,savings_3,employment_duration_2,other_debtors_0,property_0,other_installment_plans_2,housing_0,job_2,telephone_0,27,0,0,train
7,2415,34,3,2,1,1,status_1,credit_history_2,purpose_4,savings_0,employment_duration_2,other_debtors_2,property_0,other_installment_plans_2,housing_1,job_2,telephone_0,28,0,1,train
60,6836,63,3,4,2,1,status_0,credit_history_3,purpose_9,savings_0,employment_duration_4,other_debtors_0,property_3,other_installment_plans_2,housing_1,job_2,telephone_1,29,1,1,train
18,1913,36,3,3,1,1,status_1,credit_history_2,purpose_9,savings_3,employment_duration_1,other_debtors_0,property_0,other_installment_plans_0,housing_1,job_2,telephone_1,30,0,1,train
24,4020,27,2,2,1,1,status_0,credit_history_2,purpose_3,savings_0,employment_duration_2,other_debtors_0,property_2,other_installment_plans_1,housing_1,job_2,telephone_0,31,0,1,train
18,5866,30,2,2,2,1,status_1,credit_history_2,purpose_0,savings_1,employment_duration_2,other_debtors_0,property_2,other_installment_plans_2,housing_1,job_2,telephone_1,32,0,1,calib
12,1264,57,4,4,1,1,status_3,credit_history_4,purpose_9,savings_4,employment_duration_4,other_debtors_0,property_3,other_installment_plans_2,housing_0,job_1,telephone_0,33,0,1,train
12,1474,33,4,1,1,1,status_2,credit_history_2,purpose_3,savings_0,employment_duration_1,other_debtors_0,property_1,other_installment_plans_0,housing_1,job_3,telephone_1,34,0,0,train
45,4746,25,4,2,2,1,status_1,credit_history_4,purpose_4,savings_0,employment_duration_1,other_debtors_0,property_1,other_installment_plans_2,housing_1,job_1,telephone_0,35,1,1,test
48,6110,31,1,3,1,1,status_3,credit_history_4,purpose_7,savings_0,employment_duration_2,other_debtors_0,property_3,other_installment_plans_0,housing_2,job_2,telephone_1,36,0,1,train
18,2100,37,4,2,1,1,status_2,credit_history_2,purpose_4,savings_0,employment_duration_2,other_debtors_1,property_0,other_installment_plans_1,housing_1,job_2,telephone_0,37,1,1,test
10,1225,37,2,2,1,1,status_2,credit_history_2,purpose_5,savings_0,employment_duration_2,other_debtors_0,property_2,other_installment_plans_2,housing_1,job_2,telephone_1,38,0,1,train
9,458,24,4,3,1,1,status_1,credit_history_2,purpose_4,savings_0,employment_duration_2,other_debtors_0,property_0,other_installment_plans_2,housing_1,job_2,telephone_0,39,0,1,calib
30,2333,30,4,2,1,1,status_3,credit_history_2,purpose_4,savings_2,employment_duration_4,other_debtors_0,property_2,other_installment_plans_0,housing_1,job_3,telephone_0,40,0,1,train
12,1158,26,3,1,1,1,status_1,credit_history_2,purpose_4,savings_2,employment_duration_2,other_debtors_0,property_2,other_installment_plans_2,housing_1,job_2,telephone_1,41,0,1,train
18,6204,44,2,4,1,2,status_1,credit_history_3,purpose_6,savings_0,employment_duration_2,other_debtors_0,property_0,other_installment_plans_2,housing_1,job_1,telephone_1,42,0,1,calib
30,6187,24,1,4,2,1,status_0,credit_history_4,purpose_1,savings_1,employment_duration_3,other_debtors_0,property_2,other_installment_plans_2,housing_0,job_2,telephone_0,43,0,1,train
48,6143,58,4,4,2,1,status_0,credit_history_4,purpose_1,savings_0,employment_duration_4,other_debtors_0,property_3,other_installment_plans_1,housing_2,job_1,telephone_0,44,1,0,test
11,1393,35,4,4,2,1,status_3,credit_history_4,purpose_0,savings_0,employment_duration_1,other_debtors_0,property_2,other_installment_plans_2,housing_1,job_3,telephone_0,45,0,0,calib
36,2299,39,4,4,1,1,status_3,credit_history_2,purpose_4,savings_2,employment_duration_4,other_debtors_0,property_2,other_installment_plans_2,housing_1,job_2,telephone_0,46,0,1,train
6,1352,23,1,2,1,1,status_0,credit_history_2,purpose_1,savings_2,employment_duration_0,other_debtors_0,property_1,other_installment_plans_2,housing_0,job_0,telephone_1,47,0,0,calib
11,7228,39,1,4,2,1,status_3,credit_history_4,purpose_0,savings_0,employment_duration_2,other_debtors_0,property_1,other_installment_plans_2,housing_1,job_1,telephone_0,48,0,1,train
12,2073,28,4,2,1,1,status_3,credit_history_2,purpose_4,savings_1,employment_duration_2,other_debtors_1,property_0,other_installment_plans_2,housing_1,job_2,telephone_0,49,0,0,calib
24,2333,29,4,2,1,1,status_1,credit_history_3,purpose_3,savings_4,employment_duration_1,other_debtors_0,property_1,other_installment_plans_0,housing_1,job_1,telephone_0,50,0,1,train
27,5965,30,1,2,2,1,status_1,credit_history_3,purpose_1,savings_0,employment_duration_4,other_debtors_0,property_2,other_installment_plans_2,housing_1,job_3,telephone_1,51,0,1,calib
12,1262,25,3,2,1,1,status_3,credit_history_2,purpose_4,savings_0,employment_duration_2,other_debtors_0,property_2,other_installment_plans_2,housing_1,job_2,telephone_0,52,0,1,calib
18,3378,31,2,1,1,1,status_3,credit_history_2,purpose_1,savings_4,employment_duration_2,other_debtors_0,property_1,other_installment_plans_2,housing_1,job_2,telephone_1,53,0,1,train
36,2225,57,4,4,2,1,status_1,credit_history_3,purpose_0,savings_0,employment_duration_4,other_debtors_0,property_3,other_installment_plans_0,housing_2,job_2,telephone_1,54,1,1,calib
6,783,26,1,2,1,2,status_3,credit_history_1,purpose_0,savings_4,employment_duration_2,other_debtors_2,property_0,other_installment_plans_1,housing_1,job_1,telephone_0,55,0,1,calib
12,6468,52,2,1,1,1,status_1,credit_history_2,purpose_4,savings_4,employment_duration_0,other_debtors_0,property_3,other_installment_plans_2,housing_1,job_3,telephone_1,56,1,1,test
36,9566,31,2,2,2,1,status_3,credit_history_4,purpose_4,savings_0,employment_duration_2,other_debtors_0,property_2,other_installment_plans_1,housing_1,job_2,telephone_0,57,0,0,train
18,1961,23,3,2,1,1,status_2,credit_history_2,purpose_0,savings_0,employment_duration_4,other_debtors_0,property_2,other_installment_plans_2,housing_1,job_3,telephone_0,58,0,0,train
36,6229,23,4,4,2,1,status_0,credit_history_4,purpose_3,savings_0,employment_duration_1,other_debtors_1,property_3,other_installment_plans_2,housing_0,job_1,telephone_1,59,1,0,calib
9,1391,27,2,1,1,1,status_1,credit_history_2,purpose_9,savings_0,employment_duration_2,other_debtors_0,property_0,other_installment_plans_0,housing_1,job_2,telephone_1,60,0,1,test
15,1537,50,4,4,2,1,status_1,credit_history_4,purpose_4,savings_4,employment_duration_4,other_debtors_2,property_0,other_installment_plans_2,housing_1,job_2,telephone_1,61,0,1,train
36,1953,61,4,4,1,1,status_1,credit_history_0,purpose_9,savings_0,employment_duration_4,other_debtors_0,property_3,other_installment_plans_2,housing_2,job_3,telephone_1,62,1,1,train
48,14421,25,2,2,1,1,status_1,credit_history_0,purpose_9,savings_0,employment_duration_2,other_debtors_0,property_2,other_installment_plans_2,housing_1,job_2,telephone_1,63,1,1,calib
24,3181,26,4,4,1,1,status_3,credit_history_2,purpose_4,savings_0,employment_duration_1,other_debtors_0,property_1,other_installment_plans_2,housing_1,job_2,telephone_1,64,0,0,train
27,5190,48,4,4,4,2,status_3,credit_history_2,purpose_6,savings_4,employment_duration_4,other_debtors_0,property_1,other_installment_plans_2,housing_1,job_2,telephone_1,65,0,1,test
12,2171,29,2,2,1,1,status_3,credit_history_2,purpose_4,savings_0,employment_duration_1,other_debtors_0,property_2,other_installment_plans_0,housing_1,job_2,telephone_0,66,0,0,train
12,1007,22,4,1,1,1,status_1,credit_history_2,purpose_0,savings_3,employment_duration_2,other_debtors_0,property_0,other_installment_plans_2,housing_1,job_2,telephone_0,67,0,1,train
36,1819,37,4,4,1,1,status_3,credit_history_2,purpose_7,savings_0,employment_duration_2,other_debtors_0,property_3,other_installment_plans_1,housing_2,job_2,telephone_1,68,1,1,train
36,2394,25,4,4,1,1,status_3,credit_history_2,purpose_4,savings_4,employment_duration_2,other_debtors_0,property_2,other_installment_plans_2,housing_1,job_2,telephone_0,69,0,0,train
36,8133,30,1,2,1,1,status_3,credit_history_2,purpose_1,savings_0,employment_duration_2,other_debtors_0,property_1,other_installment_plans_0,housing_1,job_2,telephone_0,70,0,0,train
7,730,46,4,2,2,1,status_3,credit_history_4,purpose_4,savings_4,employment_duration_4,other_debtors_0,property_1,other_installment_plans_2,housing_0,job_1,telephone_1,71,0,1,train
8,1164,51,3,4,2,2,status_0,credit_history_4,purpose_2,savings_0,employment_duration_4,other_debtors_0,property_3,other_installment_plans_0,housing_2,job_3,telephone_1,72,0,1,train
42,5954,41,2,1,2,1,status_1,credit_history_4,purpose_9,savings_0,employment_duration_3,other_debtors_0,property_0,other_installment_plans_0,housing_1,job_1,telephone_0,73,0,0,train
36,1977,40,4,4,1,1,status_0,credit_history_2,purpose_7,savings_4,employment_duration_4,other_debtors_0,property_3,other_installment_plans_2,housing_1,job_3,telephone_1,74,1,1,calib
12,1526,66,4,4,2,1,status_0,credit_history_4,purpose_1,savings_0,employment_duration_4,other_debtors_0,property_3,other_installment_plans_2,housing_2,job_3,telephone_0,75,0,1,train
42,3965,34,4,3,1,1,status_0,credit_history_2,purpose_4,savings_0,employment_duration_1,other_debtors_0,property_2,other_installment_plans_2,housing_1,job_2,telephone_0,76,1,1,train
11,4771,51,2,4,1,1,status_1,credit_history_3,purpose_4,savings_0,employment_duration_3,other_debtors_0,property_1,other_installment_plans_2,housing_1,job_2,telephone_0,77,0,1,calib
54,9436,39,2,2,1,2,status_3,credit_history_0,purpose_1,savings_4,employment_duration_2,other_debtors_0,property_1,other_installment_plans_2,housing_1,job_1,telephone_0,78,0,1,train
30,3832,22,2,1,1,1,status_1,credit_history_2,purpose_3,savings_0,employment_duration_1,other_debtors_0,property_1,other_installment_plans_2,housing_1,job_2,telephone_0,79,0,1,train
24,5943,44,1,1,2,1,status_3,credit_history_2,purpose_4,savings_4,employment_duration_1,other_debtors_0,property_2,other_installment_plans_2,housing_1,job_2,telephone_1,80,1,0,calib
15,1213,47,4,3,1,1,status_3,credit_history_2,purpose_4,savings_2,employment_duration_4,other_debtors_0,property_1,other_installment_plans_1,housing_1,job_2,telephone_1,81,0,1,train
18,1568,24,3,4,1,1,status_3,credit_history_2,purpose_9,savings_1,employment_duration_2,other_debtors_0,property_1,other_installment_plans_2,housing_0,job_1,telephone_0,82,0,0,test
24,1755,58,4,4,1,1,status_0,credit_history_2,purpose_2,savings_0,employment_duration_4,other_debtors_2,property_0,other_installment_plans_2,housing_1,job_1,telephone_1,83,0,0,train
10,2315,52,3,4,1,1,status_0,credit_history_2,purpose_4,savings_0,employment_duration_4,other_debtors_0,property_0,other_installment_plans_2,housing_1,job_1,telephone_0,84,0,1,train
12,1412,29,4,2,2,1,status_3,credit_history_4,purpose_9,savings_0,employment_duration_2,other_debtors_2,property_0,other_installment_plans_2,housing_1,job_3,telephone_1,85,0,0,calib
18,1295,27,4,1,2,1,status_1,credit_history_4,purpose_3,savings_0,employment_duration_1,other_debtors_0,property_1,other_installment_plans_2,housing_1,job_2,telephone_0,86,0,0,train
36,12612,47,1,4,1,2,status_1,credit_history_2,purpose_7,savings_1,employment_duration_2,other_debtors_0,property_3,other_installment_plans_2,housing_2,job_2,telephone_1,87,1,1,train
18,2249,30,4,3,1,2,status_0,credit_history_2,purpose_0,savings_1,employment_duration_3,other_debtors_0,property_2,other_installment_plans_2,housing_1,job_3,telephone_1,88,0,1,calib
12,1108,28,4,3,2,1,status_0,credit_history_0,purpose_6,savings_0,employment_duration_3,other_debtors_0,property_0,other_installment_plans_2,housing_1,job_2,telephone_0,89,1,1,train
12,618,56,4,4,1,1,status_3,credit_history_4,purpose_4,savings_0,employment_duration_4,other_debtors_0,property_0,other_installment_plans_2,housing_1,job_2,telephone_0,90,0,1,calib
12,1409,54,4,3,1,1,status_0,credit_history_4,purpose_1,savings_0,employment_duration_4,other_debtors_0,property_0,other_installment_plans_2,housing_1,job_2,telephone_0,91,0,1,calib
12,797,33,4,3,1,2,status_3,credit_history_4,purpose_4,savings_4,employment_duration_4,other_debtors_0,property_1,other_installment_plans_0,housing_1,job_1,telephone_0,92,1,0,train
24,3617,20,4,4,2,1,status_2,credit_history_4,purpose_3,savings_4,employment_duration_4,other_debtors_1,property_3,other_installment_plans_2,housing_0,job_2,telephone_0,93,0,1,calib
12,1318,54,4,4,1,1,status_1,credit_history_2,purpose_0,savings_3,employment_duration_4,other_debtors_0,property_0,other_installment_plans_2,housing_1,job_2,telephone_1,94,0,1,test
54,15945,58,3,4,1,1,status_1,credit_history_0,purpose_9,savings_0,employment_duration_1,other_debtors_0,property_3,other_installment_plans_2,housing_0,job_2,telephone_1,95,1,1,train
12,2012,61,4,2,1,1,status_3,credit_history_4,purpose_7,savings_4,employment_duration_3,other_debtors_0,property_2,other_installment_plans_2,housing_1,job_2,telephone_0,96,0,0,calib
18,2622,34,4,4,1,1,status_1,credit_history_2,purpose_9,savings_1,employment_duration_2,other_debtors_0,property_2,other_installment_plans_2,housing_1,job_2,telephone_0,97,0,1,test
36,2337,36,4,4,1,1,status_1,credit_history_4,purpose_4,savings_0,employment_duration_4,other_debtors_0,property_0,other_installment_plans_2,housing_1,job_2,telephone_0,98,0,1,train
20,7057,36,3,4,2,2,status_1,credit_history_3,purpose_1,savings_4,employment_duration_3,other_debtors_0,property_1,other_installment_plans_0,housing_0,job_3,telephone_1,99,0,1,train
24,1469,41,4,4,1,1,status_3,credit_history_2,purpose_0,savings_1,employment_duration_4,other_debtors_0,property_0,other_installment_plans_2,housing_0,job_1,telephone_0,100,0,1,train
36,2323,24,4,4,1,1,status_1,credit_history_2,purpose_4,savings_0,employment_duration_3,other_debtors_0,property_2,other_installment_plans_2,housing_0,job_2,telephone_0,101,0,1,calib
6,932,24,3,2,1,1,status_3,credit_history_3,purpose_4,savings_0,employment_duration_2,other_debtors_0,property_0,other_installment_plans_2,housing_1,job_2,telephone_0,102,0,0,train
9,1919,35,4,3,1,1,status_1,credit_history_4,purpose_3,savings_0,employment_duration_3,other_debtors_0,property_2,other_installment_plans_2,housing_0,job_2,telephone_1,103,0,1,train
12,2445,26,2,4,1,1,status_3,credit_history_2,purpose_1,savings_4,employment_duration_1,other_debtors_0,property_2,other_installment_plans_2,housing_0,job_2,telephone_1,104,0,1,test
24,11938,39,2,3,2,2,status_1,credit_history_4,purpose_2,savings_0,employment_duration_2,other_debtors_1,property_2,other_installment_plans_2,housing_1,job_3,telephone_1,105,1,1,test
18,6458,39,2,4,2,2,status_3,credit_history_1,purpose_0,savings_0,employment_duration_4,other_debtors_0,property_3,other_installment_plans_0,housing_1,job_3,telephone_1,106,1,1,train
12,6078,32,2,2,1,1,status_1,credit_history_2,purpose_0,savings_0,employment_duration_3,other_debtors_0,property_2,other_installment_plans_2,housing_1,job_2,telephone_0,107,0,1,calib
24,7721,30,1,2,1,1,status_0,credit_history_2,purpose_3,savings_4,employment_duration_1,other_debtors_0,property_1,other_installment_plans_2,housing_1,job_2,telephone_1,108,0,0,test
14,1410,35,1,2,1,1,status_1,credit_history_2,purpose_9,savings_2,employment_duration_4,other_debtors_0,property_0,other_installment_plans_2,housing_1,job_2,telephone_1,109,0,1,train
6,1449,31,1,2,2,2,status_1,credit_history_3,purpose_9,savings_1,employment_duration_4,other_debtors_0,property_2,other_installment_plans_0,housing_1,job_2,telephone_0,110,0,1,calib
15,392,23,4,4,1,1,status_2,credit_history_2,purpose_7,savings_0,employment_duration_1,other_debtors_0,property_1,other_installment_plans_2,housing_0,job_2,telephone_1,111,0,0,test
18,6260,28,3,3,1,1,status_1,credit_history_2,purpose_0,savings_0,employment_duration_3,other_debtors_0,property_0,other_installment_plans_2,housing_0,job_1,telephone_0,112,0,1,train
36,7855,25,4,2,2,1,status_3,credit_history_4,purpose_0,savings_0,employment_duration_2,other_debtors_0,property_0,other_installment_plans_1,housing_1,job_2,telephone_1,113,1,0,test
12,1680,35,3,1,1,1,status_0,credit_history_2,purpose_4,savings_2,employment_duration_4,other_debtors_0,property_0,other_installment_plans_2,housing_1,job_2,telephone_0,114,0,1,train
48,3578,47,4,1,1,1,status_3,credit_history_4,purpose_4,savings_4,employment_duration_4,other_debtors_0,property_0,other_installment_plans_2,housing_1,job_2,telephone_1,115,0,1,train
42,7174,30,4,3,1,1,status_0,credit_history_2,purpose_4,savings_4,employment_duration_3,other_debtors_0,property_2,other_installment_plans_2,housing_1,job_3,telephone_1,116,1,0,train
10,2132,27,2,3,2,1,status_0,credit_history_4,purpose_3,savings_4,employment_duration_1,other_debtors_1,property_0,other_installment_plans_2,housing_0,job_2,telephone_0,117,0,0,train
33,4281,23,1,4,2,1,status_0,credit_history_4,purpose_3,savings_2,employment_duration_2,other_debtors_0,property_2,other_installment_plans_2,housing_1,job_2,telephone_0,118,1,0,train
12,2366,36,3,3,1,1,status_1,credit_history_4,purpose_0,savings_2,employment_duration_3,other_debtors_0,property_2,other_installment_plans_2,housing_1,job_3,telephone_1,119,0,1,train
21,1835,25,3,2,2,1,status_0,credit_history_2,purpose_4,savings_0,employment_duration_2,other_debtors_0,property_0,other_installment_plans_2,housing_1,job_2,telephone_1,120,1,0,test
24,3868,41,4,2,2,1,status_3,credit_history_4,purpose_1,savings_0,employment_duration_4,other_debtors_0,property_2,other_installment_plans_2,housing_0,job_3,telephone_1,121,0,0,train
12,1768,24,3,2,1,1,status_3,credit_history_2,purpose_3,savings_0,employment_duration_2,other_debtors_0,property_0,other_installment_plans_2,housing_0,job_1,telephone_0,122,0,1,train
10,781,63,4,4,2,1,status_2,credit_history_4,purpose_0,savings_0,employment_duration_4,other_debtors_0,property_3,other_installment_plans_2,housing_2,job_2,telephone_1,123,0,1,calib
18,1924,27,4,3,1,1,status_1,credit_history_2,purpose_3,savings_4,employment_duration_1,other_debtors_0,property_0,other_installment_plans_2,housing_0,job_2,telephone_0,124,1,0,calib
12,2121,30,4,2,2,1,status_0,credit_history_4,purpose_0,savings_0,employment_duration_2,other_debtors_0,property_1,other_installment_plans_2,housing_1,job_2,telephone_0,125,0,1,train
12,701,40,4,2,1,1,status_0,credit_history_2,purpose_4,savings_0,employment_duration_2,other_debtors_0,property_0,other_installment_plans_2,housing_1,job_1,telephone_0,126,0,1,calib
12,639,30,4,2,1,1,status_1,credit_history_2,purpose_6,savings_0,employment_duration_2,other_debtors_0,property_2,other_installment_plans_2,housing_1,job_2,telephone_0,127,1,1,train
12,1860,34,4,2,2,1,status_1,credit_history_4,purpose_1,savings_0,employment_duration_0,other_debtors_0,property_2,other_installment_plans_2,housing_1,job_3,telephone_1,128,0,1,train
12,3499,29,3,2,2,1,status_0,credit_history_4,purpose_0,savings_0,employment_duration_2,other_debtors_1,property_0,other_installment_plans_2,housing_1,job_2,telephone_0,129,1,0,train
48,8487,24,1,2,1,1,status_1,credit_history_2,purpose_0,savings_4,employment_duration_3,other_debtors_0,property_2,other_installment_plans_2,housing_1,job_2,telephone_0,130,0,0,calib
36,6887,29,4,3,1,1,status_0,credit_history_3,purpose_7,savings_0,employment_duration_2,other_debtors_0,property_1,other_installment_plans_1,housing_1,job_2,telephone_1,131,1,1,train
15,2708,27,2,3,2,1,status_3,credit_history_2,purpose_3,savings_0,employment_duration_1,other_debtors_0,property_1,other_installment_plans_0,housing_1,job_1,telephone_0,132,0,1,train
18,1984,47,4,4,2,1,status_3,credit_history_2,purpose_3,savings_0,employment_duration_2,other_debtors_0,property_3,other_installment_plans_0,housing_2,job_2,telephone_0,133,0,1,calib
60,10144,21,2,4,1,1,status_3,credit_history_2,purpose_4,savings_1,employment_duration_3,other_debtors_0,property_0,other_installment_plans_2,housing_1,job_2,telephone_1,134,0,0,train
12,1240,38,4,2,2,1,status_3,credit_history_4,purpose_4,savings_4,employment_duration_4,other_debtors_0,property_0,other_installment_plans_2,housing_1,job_2,telephone_1,135,0,0,train
27,8613,27,2,2,2,1,status_3,credit_history_3,purpose_1,savings_3,employment_duration_2,other_debtors_0,property_2,other_installment_plans_2,housing_1,job_2,telephone_0,136,0,1,test
12,766,66,4,3,1,1,status_1,credit_history_2,purpose_4,savings_2,employment_duration_2,other_debtors_0,property_0,other_installment_plans_2,housing_1,job_1,telephone_0,137,1,1,test
15,2728,35,4,2,3,1,status_1,credit_history_4,purpose_4,savings_4,employment_duration_3,other_debtors_2,property_0,other_installment_plans_0,housing_1,job_2,telephone_1,138,0,1,train
12,1881,44,2,2,1,1,status_2,credit_history_2,purpose_4,savings_0,employment_duration_2,other_debtors_0,property_2,other_installment_plans_2,housing_0,job_1,telephone_1,139,0,0,train
6,709,27,2,2,1,1,status_2,credit_history_2,purpose_0,savings_3,employment_duration_1,other_debtors_0,property_0,other_installment_plans_2,housing_1,job_0,telephone_0,140,0,1,train
36,4795,30,4,1,1,1,status_1,credit_history_2,purpose_4,savings_0,employment_duration_1,other_debtors_0,property_3,other_installment_plans_2,housing_1,job_3,telephone_1,141,0,0,train
27,3416,27,3,2,1,1,status_0,credit_history_2,purpose_4,savings_0,employment_duration_2,other_debtors_0,property_2,other_installment_plans_2,housing_1,job_3,telephone_0,142,0,1,train
18,2462,22,2,2,1,1,status_0,credit_history_2,purpose_3,savings_0,employment_duration_2,other_debtors_0,property_2,other_installment_plans_2,housing_1,job_2,telephone_0,143,1,1,train
21,2288,23,4,4,1,1,status_3,credit_history_4,purpose_3,savings_0,employment_duration_1,other_debtors_0,property_1,other_installment_plans_2,housing_1,job_2,telephone_1,144,0,0,train
48,3566,30,4,2,1,1,status_1,credit_history_1,purpose_9,savings_1,employment_duration_3,other_debtors_0,property_2,other_installment_plans_2,housing_1,job_2,telephone_0,145,0,1,train
6,860,39,1,4,2,1,status_0,credit_history_4,purpose_0,savings_0,employment_duration_4,other_debtors_0,property_3,other_installment_plans_2,housing_1,job_2,telephone_1,146,0,0,train
12,682,51,4,3,2,1,status_3,credit_history_4,purpose_0,savings_1,employment_duration_3,other_debtors_0,property_2,other_installment_plans_2,housing_1,job_2,telephone_1,147,0,0,train
36,5371,28,3,2,2,1,status_0,credit_history_4,purpose_3,savings_0,employment_duration_2,other_debtors_2,property_1,other_installment_plans_2,housing_1,job_2,telephone_0,148,0,1,train
18,1582,46,4,4,2,1,status_3,credit_history_4,purpose_4,savings_3,employment_duration_4,other_debtors_0,property_2,other_installment_plans_2,housing_1,job_2,telephone_0,149,0,1,train
6,1346,42,2,4,1,2,status_3,credit_history_2,purpose_4,savings_1,employment_duration_4,other_debtors_0,property_3,other_installment_plans_0,housing_2,job_2,telephone_1,150,0,1,train
10,1924,38,1,4,1,1,status_3,credit_history_2,purpose_4,savings_0,employment_duration_2,other_debtors_0,property_1,other_installment_plans_2,housing_1,job_2,telephone_1,151,0,1,train
36,5848,24,4,1,1,1,status_2,credit_history_2,purpose_4,savings_0,employment_duration_2,other_debtors_0,property_2,other_installment_plans_2,housing_1,job_2,telephone_0,152,0,1,train
24,7758,29,2,4,1,1,status_1,credit_history_4,purpose_1,savings_3,employment_duration_4,other_debtors_0,property_3,other_installment_plans_2,housing_0,job_2,telephone_0,153,0,0,calib
24,6967,36,4,4,1,1,status_1,credit_history_3,purpose_9,savings_1,employment_duration_3,other_debtors_0,property_2,other_installment_plans_2,housing_0,job_3,telephone_1,154,0,1,calib
12,1282,20,2,4,1,1,status_0,credit_history_2,purpose_3,savings_0,employment_duration_2,other_debtors_0,property_2,other_installment_plans_2,housing_0,job_2,telephone_0,155,1,0,train
9,1288,48,3,4,2,2,status_0,credit_history_4,purpose_6,savings_1,employment_duration_4,other_debtors_2,property_0,other_installment_plans_2,housing_1,job_2,telephone_0,156,0,1,calib
12,339,45,4,1,1,1,status_0,credit_history_1,purpose_8,savings_0,employment_duration_4,other_debtors_0,property_2,other_installment_plans_0,housing_1,job_1,telephone_0,157,0,1,train
24,3512,38,2,3,2,1,status_1,credit_history_2,purpose_0,savings_1,employment_duration_3,other_debtors_0,property_2,other_installment_plans_0,housing_1,job_2,telephone_1,158,0,1,train
6,1898,34,1,2,2,2,status_3,credit_history_4,purpose_4,savings_4,employment_duration_2,other_debtors_0,property_0,other_installment_plans_2,housing_1,job_1,telephone_0,159,0,1,calib
24,2872,36,3,4,1,2,status_3,credit_history_4,purpose_4,savings_1,employment_duration_4,other_debtors_0,property_0,other_installment_plans_2,housing_1,job_2,telephone_1,160,0,1,calib
18,1055,30,4,1,2,1,status_3,credit_history_4,purpose_0,savings_0,employment_duration_1,other_debtors_0,property_1,other_installment_plans_2,housing_1,job_2,telephone_0,161,0,0,train
15,1262,36,4,3,2,1,status_3,credit_history_2,purpose_5,savings_2,employment_duration_3,other_debtors_0,property_1,other_installment_plans_2,housing_1,job_2,telephone_1,162,0,1,train
10,7308,70,2,4,1,1,status_1,credit_history_2,purpose_0,savings_0,employment_duration_0,other_debtors_0,property_3,other_installment_plans_0,housing_2,job_3,telephone_1,163,0,1,train
36,909,36,4,4,1,1,status_3,credit_history_2,purpose_0,savings_2,employment_duration_4,other_debtors_0,property_1,other_installment_plans_2,housing_1,job_2,telephone_0,164,0,1,train
6,2978,32,1,2,1,1,status_3,credit_history_2,purpose_3,savings_2,employment_duration_2,other_debtors_0,property_2,other_installment_plans_2,housing_1,job_2,telephone_1,165,0,1,train
18,1131,33,4,2,1,1,status_0,credit_history_2,purpose_3,savings_0,employment_duration_0,other_debtors_0,property_2,other_installment_plans_2,housing_1,job_2,telephone_0,166,1,0,test
11,1577,20,4,1,1,1,status_1,credit_history_2,purpose_3,savings_3,employment_duration_1,other_debtors_0,property_0,other_installment_plans_2,housing_1,job_2,telephone_0,167,0,0,train
24,3972,25,2,4,1,1,status_3,credit_history_2,purpose_3,savings_0,employment_duration_3,other_debtors_0,property_1,other_installment_plans_2,housing_0,job_2,telephone_1,168,0,0,train
24,1935,31,4,4,2,1,status_1,credit_history_4,purpose_9,savings_0,employment_duration_4,other_debtors_0,property_0,other_installment_plans_2,housing_1,job_2,telephone_1,169,1,1,train
15,950,33,4,3,2,2,status_0,credit_history_0,purpose_0,savings_0,employment_duration_4,other_debtors_0,property_2,other_installment_plans_2,housing_0,job_2,telephone_0,170,1,1,train
12,763,26,4,1,1,1,status_3,credit_history_2,purpose_3,savings_0,employment_duration_2,other_debtors_0,property_0,other_installment_plans_2,housing_1,job_2,telephone_1,171,0,0,train
24,2064,34,3,2,1,1,status_1,credit_history_3,purpose_3,savings_0,employment_duration_0,other_debtors_0,property_1,other_installment_plans_2,housing_1,job_3,telephone_1,172,1,0,train
8,1414,33,4,2,1,1,status_1,credit_history_2,purpose_4,savings_0,employment_duration_2,other_debtors_2,property_0,other_installment_plans_2,housing_1,job_2,telephone_0,173,0,1,train
21,3414,26,2,1,2,1,status_0,credit_history_3,purpose_7,savings_0,employment_duration_1,other_debtors_0,property_1,other_installment_plans_2,housing_1,job_2,telephone_0,174,1,1,test
30,7485,53,4,1,1,1,status_3,credit_history_1,purpose_1,savings_4,employment_duration_0,other_debtors_0,property_0,other_installment_plans_0,housing_1,job_3,telephone_1,175,1,0,calib
12,2577,42,2,1,1,1,status_0,credit_history_2,purpose_3,savings_0,employment_duration_2,other_debtors_0,property_2,other_installment_plans_2,housing_1,job_2,telephone_0,176,0,1,train
6,338,52,4,4,2,1,status_0,credit_history_4,purpose_4,savings_2,employment_duration_4,other_debtors_0,property_2,other_installment_plans_2,housing_1,job_2,telephone_0,177,0,1,test
12,1963,31,4,2,2,2,status_3,credit_history_2,purpose_4,savings_0,employment_duration_3,other_debtors_0,property_2,other_installment_plans_2,housing_0,job_3,telephone_1,178,0,1,test
21,571,65,4,4,2,1,status_0,credit_history_4,purpose_0,savings_0,employment_duration_4,other_debtors_0,property_0,other_installment_plans_2,housing_1,job_2,telephone_0,179,0,1,test
36,9572,28,1,1,2,1,status_3,credit_history_3,purpose_9,savings_0,employment_duration_1,other_debtors_0,property_2,other_installment_plans_2,housing_1,job_2,telephone_0,180,1,1,train
36,4455,30,2,2,2,1,status_1,credit_history_3,purpose_9,savings_0,employment_duration_2,other_debtors_0,property_0,other_installment_plans_1,housing_1,job_3,telephone_1,181,1,1,train
21,1647,40,4,2,2,2,status_0,credit_history_1,purpose_0,savings_4,employment_duration_2,other_debtors_0,property_1,other_installment_plans_2,housing_1,job_1,telephone_0,182,1,1,calib
24,3777,50,4,4,1,1,status_3,credit_history_4,purpose_3,savings_3,employment_duration_2,other_debtors_0,property_0,other_installment_plans_2,housing_1,job_2,telephone_1,183,0,1,train
18,884,36,4,4,1,2,status_1,credit_history_4,purpose_0,savings_0,employment_duration_4,other_debtors_0,property_2,other_installment_plans_0,housing_1,job_2,telephone_1,184,1,1,test
15,1360,31,4,2,2,1,status_3,credit_history_4,purpose_4,savings_0,employment_duration_2,other_debtors_0,property_1,other_installment_plans_2,housing_1,job_2,telephone_0,185,0,1,calib
9,5129,74,2,4,1,2,status_1,credit_history_1,purpose_1,savings_0,employment_duration_4,other_debtors_0,property_3,other_installment_plans_0,housing_2,job_3,telephone_1,186,1,0,train
16,1175,68,2,3,3,1,status_1,credit_history_4,purpose_0,savings_0,employment_duration_0,other_debtors_0,property_2,other_installment_plans_2,housing_2,job_0,telephone_1,187,0,1,train
12,674,20,4,1,1,1,status_0,credit_history_2,purpose_4,savings_1,employment_duration_3,other_debtors_0,property_1,other_installment_plans_2,housing_1,job_2,telephone_0,188,1,1,calib
18,3244,33,1,4,2,1,status_1,credit_history_0,purpose_3,savings_0,employment_duration_2,other_debtors_0,property_2,other_installment_plans_0,housing_1,job_2,telephone_1,189,0,0,test
24,4591,54,2,3,3,1,status_3,credit_history_2,purpose_9,savings_3,employment_duration_2,other_debtors_0,property_1,other_installment_plans_2,housing_1,job_3,telephone_1,190,1,1,train
48,3844,34,4,4,1,2,status_1,credit_history_0,purpose_9,savings_1,employment_duration_3,other_debtors_0,property_3,other_installment_plans_2,housing_2,job_1,telephone_0,191,1,1,train
27,3915,36,4,2,1,2,status_1,credit_history_2,purpose_9,savings_0,employment_duration_2,other_debtors_0,property_2,other_installment_plans_2,housing_1,job_2,telephone_1,192,1,1,train
6,2108,29,2,2,1,1,status_3,credit_history_2,purpose_4,savings_0,employment_duration_3,other_debtors_0,property_0,other_installment_plans_2,housing_0,job_2,telephone_0,193,0,1,train
45,3031,21,4,4,1,1,status_1,credit_history_2,purpose_4,savings_1,employment_duration_2,other_debtors_2,property_1,other_installment_plans_2,housing_0,job_2,telephone_0,194,1,1,test
9,1501,34,2,3,2,1,status_1,credit_history_4,purpose_7,savings_0,employment_duration_4,other_debtors_0,property_2,other_installment_plans_2,housing_1,job_3,telephone_1,195,1,0,train
6,1382,28,1,1,2,1,status_3,credit_history_4,purpose_4,savings_0,employment_duration_2,other_debtors_0,property_2,other_installment_plans_2,housing_1,job_2,telephone_1,196,0,0,train
12,951,27,4,4,4,1,status_1,credit_history_2,purpose_3,savings_1,employment_duration_1,other_debtors_0,property_2,other_installment_plans_0,housing_0,job_2,telephone_0,197,1,0,train
24,2760,36,4,4,1,1,status_1,credit_history_2,purpose_1,savings_4,employment_duration_4,other_debtors_0,property_3,other_installment_plans_0,housing_2,job_2,telephone_1,198,0,1,test
18,4297,40,4,3,1,1,status_1,credit_history_3,purpose_3,savings_0,employment_duration_4,other_debtors_0,property_3,other_installment_plans_2,housing_1,job_3,telephone_1,199,1,1,train
9,936,52,4,2,2,1,status_3,credit_history_4,purpose_7,savings_2,employment_duration_4,other_debtors_0,property_2,other_installment_plans_2,housing_1,job_2,telephone_1,200,0,1,train
12,1168,27,4,3,1,1,status_0,credit_history_2,purpose_0,savings_0,employment_duration_2,other_debtors_0,property_0,other_installment_plans_2,housing_1,job_1,telephone_0,201,0,1,train
27,5117,26,3,4,2,1,status_3,credit_history_3,purpose_9,savings_0,employment_duration_3,other_debtors_0,property_2,other_installment_plans_2,housing_1,job_2,telephone_0,202,0,1,train
12,902,21,4,4,1,1,status_0,credit_history_2,purpose_8,savings_0,employment_duration_3,other_debtors_0,property_1,other_installment_plans_2,housing_0,job_2,telephone_0,203,1,1,calib
12,1495,38,4,1,2,2,status_3,credit_history_4,purpose_0,savings_0,employment_duration_4,other_debtors_0,property_0,other_installment_plans_2,housing_1,job_1,telephone_0,204,0,1,train
30,10623,38,3,4,3,2,status_0,credit_history_4,purpose_1,savings_0,employment_duration_4,other_debtors_0,property_3,other_installment_plans_2,housing_2,job_3,telephone_1,205,0,1,train
12,1935,43,4,4,3,1,status_3,credit_history_4,purpose_3,savings_0,employment_duration_4,other_debtors_0,property_0,other_installment_plans_2,housing_1,job_2,telephone_1,206,0,1,train
12,1424,26,4,3,1,1,status_1,credit_history_4,purpose_5,savings_0,employment_duration_3,other_debtors_0,property_1,other_installment_plans_2,housing_1,job_2,telephone_0,207,0,1,train
24,6568,21,2,2,1,1,status_0,credit_history_2,purpose_9,savings_0,employment_duration_2,other_debtors_0,property_2,other_installment_plans_1,housing_1,job_1,telephone_0,208,0,1,test
12,1413,55,3,2,1,1,status_3,credit_history_2,purpose_1,savings_3,employment_duration_3,other_debtors_0,property_1,other_installment_plans_2,housing_1,job_2,telephone_0,209,0,1,test
9,3074,33,1,2,2,2,status_3,credit_history_4,purpose_4,savings_4,employment_duration_2,other_debtors_0,property_0,other_installment_plans_2,housing_1,job_2,telephone_0,210,0,1,train
36,3835,45,2,4,1,1,status_3,credit_history_2,purpose_4,savings_4,employment_duration_4,other_debtors_0,property_0,other_installment_plans_2,housing_1,job_1,telephone_1,211,0,0,train
27,5293,50,2,4,2,1,status_0,credit_history_0,purpose_9,savings_0,employment_duration_0,other_debtors_0,property_1,other_installment_plans_1,housing_1,job_2,telephone_1,212,1,1,calib
30,1908,66,4,4,1,1,status_2,credit_history_3,purpose_9,savings_0,employment_duration_4,other_debtors_0,property_0,other_installment_plans_2,housing_1,job_3,telephone_1,213,1,1,train
36,3342,51,4,2,1,1,status_3,credit_history_4,purpose_4,savings_4,employment_duration_4,other_debtors_0,property_2,other_installment_plans_2,housing_1,job_2,telephone_1,214,0,1,calib
6,932,39,1,3,2,1,status_1,credit_history_4,purpose_8,savings_4,employment_duration_3,other_debtors_0,property_1,other_installment_plans_2,housing_1,job_1,telephone_0,215,0,0,train
18,3104,31,3,1,1,1,status_0,credit_history_0,purpose_9,savings_0,employment_duration_3,other_debtors_0,property_1,other_installment_plans_0,housing_1,job_2,telephone_1,216,0,1,test
36,3913,23,2,2,1,1,status_2,credit_history_2,purpose_4,savings_0,employment_duration_2,other_debtors_0,property_0,other_installment_plans_2,housing_1,job_2,telephone_1,217,0,1,calib
24,3021,24,2,2,1,1,status_0,credit_history_2,purpose_3,savings_0,employment_duration_2,other_debtors_0,property_0,other_installment_plans_2,housing_0,job_1,telephone_0,218,0,1,train
10,1364,64,2,4,1,1,status_3,credit_history_2,purpose_0,savings_0,employment_duration_2,other_debtors_0,property_2,other_installment_plans_2,housing_1,job_2,telephone_1,219,0,0,train
12,625,26,4,1,1,1,status_1,credit_history_2,purpose_4,savings_0,employment_duration_1,other_debtors_2,property_0,other_installment_plans_0,housing_1,job_1,telephone_0,220,0,1,train
12,1200,23,4,4,1,1,status_0,credit_history_2,purpose_7,savings_4,employment_duration_2,other_debtors_0,property_1,other_installment_plans_0,housing_0,job_2,telephone_1,221,0,0,calib
12,707,30,4,2,2,1,status_3,credit_history_2,purpose_4,savings_0,employment_duration_2,other_debtors_0,property_0,other_installment_plans_0,housing_1,job_2,telephone_0,222,0,1,test
24,2978,32,4,4,2,2,status_3,credit_history_3,purpose_9,savings_4,employment_duration_2,other_debtors_0,property_0,other_installment_plans_2,housing_1,job_2,telephone_1,223,0,1,calib
15,4657,30,3,2,1,1,status_3,credit_history_2,purpose_1,savings_0,employment_duration_2,other_debtors_0,property_2,other_installment_plans_2,housing_1,job_2,telephone_1,224,0,1,train
36,2613,27,4,2,2,1,status_3,credit_history_0,purpose_6,savings_0,employment_duration_2,other_debtors_0,property_2,other_installment_plans_2,housing_1,job_2,telephone_0,225,0,1,test
48,10961,27,1,2,2,1,status_1,credit_history_2,purpose_4,savings_3,employment_duration_3,other_debtors_1,property_3,other_installment_plans_0,housing_1,job_2,telephone_1,226,1,1,train
12,7865,53,4,4,1,1,status_0,credit_history_2,purpose_3,savings_0,employment_duration_4,other_debtors_0,property_3,other_installment_plans_2,housing_2,job_3,telephone_1,227,1,1,train
9,1478,22,4,2,1,1,status_3,credit_history_2,purpose_4,savings_0,employment_duration_3,other_debtors_0,property_2,other_installment_plans_2,housing_1,job_2,telephone_0,228,1,1,train
24,3149,22,4,1,1,1,status_0,credit_history_2,purpose_3,savings_0,employment_duration_1,other_debtors_0,property_3,other_installment_plans_0,housing_2,job_2,telephone_0,229,0,1,test
36,4210,26,4,2,1,1,status_2,credit_history_2,purpose_4,savings_0,employment_duration_2,other_debtors_0,property_2,other_installment_plans_2,housing_1,job_2,telephone_0,230,1,1,calib
9,2507,51,2,4,1,1,status_3,credit_history_2,purpose_0,savings_2,employment_duration_4,other_debtors_0,property_3,other_installment_plans_2,housing_2,job_1,telephone_0,231,0,1,train
12,2141,35,3,1,1,1,status_3,credit_history_2,purpose_4,savings_1,employment_duration_3,other_debtors_0,property_3,other_installment_plans_2,housing_1,job_2,telephone_0,232,0,1,test
18,866,25,4,2,1,1,status_1,credit_history_2,purpose_4,savings_0,employment_duration_2,other_debtors_2,property_0,other_installment_plans_2,housing_1,job_1,telephone_0,233,0,1,train
4,1544,42,2,1,3,2,status_3,credit_history_4,purpose_4,savings_0,employment_duration_3,other_debtors_0,property_0,other_installment_plans_2,housing_1,job_1,telephone_0,234,0,1,test
24,1823,30,4,2,1,2,status_0,credit_history_2,purpose_4,savings_0,employment_duration_0,other_debtors_0,property_2,other_installment_plans_1,housing_1,job_3,telephone_0,235,1,1,test
6,14555,23,1,2,1,1,status_1,credit_history_2,purpose_0,savings_4,employment_duration_0,other_debtors_0,property_1,other_installment_plans_2,housing_1,job_0,telephone_1,236,1,1,train
21,2767,61,4,2,2,1,status_1,credit_history_2,purpose_9,savings_1,employment_duration_4,other_debtors_0,property_2,other_installment_plans_0,housing_0,job_1,telephone_0,237,1,1,train
12,1291,35,4,2,2,1,status_3,credit_history_4,purpose_4,savings_0,employment_duration_2,other_debtors_0,property_1,other_installment_plans_2,housing_1,job_2,telephone_0,238,0,0,train
30,2522,39,1,3,1,2,status_0,credit_history_2,purpose_4,savings_0,employment_duration_4,other_debtors_2,property_1,other_installment_plans_2,housing_1,job_2,telephone_0,239,0,1,test
24,915,29,4,2,1,1,status_0,credit_history_2,purpose_0,savings_4,employment_duration_4,other_debtors_0,property_2,other_installment_plans_0,housing_1,job_2,telephone_0,240,1,0,train
6,1595,51,3,2,1,2,status_3,credit_history_2,purpose_4,savings_0,employment_duration_3,other_debtors_0,property_1,other_installment_plans_2,housing_1,job_2,telephone_0,241,0,1,test
48,4605,24,3,4,2,2,status_0,credit_history_0,purpose_1,savings_0,employment_duration_4,other_debtors_0,property_3,other_installment_plans_2,housing_2,job_2,telephone_0,242,1,1,train
12,1185,27,3,2,2,1,status_3,credit_history_4,purpose_9,savings_0,employment_duration_2,other_debtors_0,property_0,other_installment_plans_2,housing_1,job_2,telephone_0,243,0,0,train
12,3447,35,4,3,1,2,status_3,credit_history_1,purpose_8,savings_2,employment_duration_2,other_debtors_0,property_0,other_installment_plans_2,housing_1,job_1,telephone_0,244,0,0,calib
24,1258,25,4,1,1,1,status_3,credit_history_2,purpose_9,savings_0,employment_duration_3,other_debtors_0,property_0,other_installment_plans_2,housing_1,job_2,telephone_1,245,0,1,test
12,717,52,4,4,3,1,status_3,credit_history_4,purpose_4,savings_0,employment_duration_4,other_debtors_0,property_0,other_installment_plans_2,housing_1,job_2,telephone_0,246,0,1,train
6,1204,35,4,1,1,1,status_3,credit_history_0,purpose_0,savings_1,employment_duration_2,other_debtors_0,property_3,other_installment_plans_0,housing_0,job_2,telephone_0,247,0,1,train
24,1925,26,2,2,1,1,status_2,credit_history_2,purpose_3,savings_0,employment_duration_2,other_debtors_0,property_0,other_installment_plans_2,housing_1,job_2,telephone_0,248,0,1,train
18,433,22,3,4,1,1,status_3,credit_history_2,purpose_4,savings_0,employment_duration_0,other_debtors_1,property_0,other_installment_plans_2,housing_0,job_2,telephone_0,249,1,0,train
6,666,39,3,4,2,1,status_0,credit_history_4,purpose_0,savings_3,employment_duration_3,other_debtors_0,property_0,other_installment_plans_2,housing_1,job_1,telephone_1,250,0,0,train
12,2251,46,1,2,1,1,status_2,credit_history_2,purpose_3,savings_0,employment_duration_2,other_debtors_0,property_2,other_installment_plans_2,housing_1,job_1,telephone_0,251,0,0,train
30,2150,24,4,2,1,1,status_1,credit_history_2,purpose_0,savings_0,employment_duration_2,other_debtors_2,property_3,other_installment_plans_0,housing_1,job_2,telephone_0,252,1,0,test
24,4151,35,2,3,2,1,status_3,credit_history_3,purpose_3,savings_1,employment_duration_2,other_debtors_0,property_1,other_installment_plans_2,housing_1,job_2,telephone_0,253,0,1,train
9,2030,24,2,1,1,1,status_1,credit_history_2,purpose_3,savings_4,employment_duration_3,other_debtors_0,property_2,other_installment_plans_2,housing_1,job_2,telephone_1,254,0,1,train
60,7418,27,1,1,1,1,status_1,credit_history_3,purpose_4,savings_4,employment_duration_2,other_debtors_0,property_0,other_installment_plans_2,housing_1,job_1,telephone_0,255,0,1,train
24,2684,35,4,2,2,1,status_3,credit_history_4,purpose_4,savings_0,employment_duration_2,other_debtors_0,property_0,other_installment_plans_2,housing_1,job_1,telephone_0,256,0,1,train
12,2149,29,4,1,1,1,status_0,credit_history_1,purpose_4,savings_0,employment_duration_2,other_debtors_0,property_3,other_installment_plans_2,housing_2,job_2,telephone_0,257,1,1,train
15,3812,23,1,4,1,1,status_3,credit_history_2,purpose_1,savings_1,employment_duration_1,other_debtors_0,property_2,other_installment_plans_2,housing_1,job_2,telephone_1,258,0,0,test
11,1154,57,4,4,3,1,status_3,credit_history_4,purpose_4,savings_1,employment_duration_0,other_debtors_0,property_0,other_installment_plans_2,housing_1,job_1,telephone_0,259,0,0,train
12,1657,27,2,2,1,1,status_0,credit_history_2,purpose_3,savings_0,employment_duration_2,other_debtors_0,property_0,other_installment_plans_2,housing_1,job_2,telephone_0,260,0,1,train
24,1603,55,4,4,1,1,status_0,credit_history_2,purpose_4,savings_0,employment_duration_4,other_debtors_0,property_2,other_installment_plans_2,housing_1,job_2,telephone_0,261,0,0,test
18,5302,36,2,4,3,1,status_0,credit_history_4,purpose_0,savings_0,employment_duration_4,other_debtors_0,property_3,other_installment_plans_2,housing_2,job_3,telephone_1,262,0,1,test
12,2748,57,2,4,3,1,status_3,credit_history_4,purpose_7,savings_0,employment_duration_4,other_debtors_0,property_3,other_installment_plans_0,housing_2,job_1,telephone_0,263,0,0,train
10,1231,32,3,4,2,2,status_3,credit_history_4,purpose_0,savings_0,employment_duration_4,other_debtors_0,property_0,other_installment_plans_2,housing_1,job_1,telephone_0,264,0,1,calib
15,802,37,4,3,1,2,status_1,credit_history_2,purpose_4,savings_0,employment_duration_4,other_debtors_0,property_2,other_installment_plans_2,housing_1,job_2,telephone_0,265,1,1,train
36,6304,36,4,4,2,1,status_3,credit_history_4,purpose_9,savings_4,employment_duration_4,other_debtors_0,property_0,other_installment_plans_2,housing_1,job_2,telephone_0,266,0,1,calib
24,1533,38,4,3,1,1,status_3,credit_history_2,purpose_4,savings_0,employment_duration_1,other_debtors_0,property_2,other_installment_plans_1,housing_1,job_2,telephone_1,267,0,0,test
14,8978,45,1,4,1,1,status_0,credit_history_2,purpose_0,savings_0,employment_duration_4,other_debtors_0,property_1,other_installment_plans_2,housing_1,job_3,telephone_1,268,1,1,calib
24,999,25,4,2,2,1,status_3,credit_history_2,purpose_4,savings_4,employment_duration_4,other_debtors_0,property_2,other_installment_plans_2,housing_1,job_2,telephone_0,269,0,1,train
18,2662,32,4,3,1,1,status_3,credit_history_2,purpose_0,savings_4,employment_duration_3,other_debtors_0,property_1,other_installment_plans_2,housing_1,job_2,telephone_0,270,0,1,test
12,1402,37,3,4,1,1,status_3,credit_history_4,purpose_3,savings_2,employment_duration_3,other_debtors_0,property_2,other_installment_plans_2,housing_0,job_2,telephone_1,271,0,0,calib
48,12169,36,4,4,1,1,status_1,credit_history_1,purpose_0,savings_4,employment_duration_0,other_debtors_1,property_3,other_installment_plans_2,housing_2,job_3,telephone_1,272,0,1,train
48,3060,28,4,4,2,1,status_1,credit_history_2,purpose_4,savings_0,employment_duration_3,other_debtors_0,property_0,other_installment_plans_2,housing_1,job_2,telephone_0,273,1,1,calib
30,11998,34,1,1,1,1,status_0,credit_history_2,purpose_6,savings_0,employment_duration_1,other_debtors_0,property_3,other_installment_plans_2,housing_1,job_1,telephone_1,274,1,1,test
9,2697,32,1,2,1,2,status_3,credit_history_2,purpose_4,savings_0,employment_duration_2,other_debtors_0,property_0,other_installment_plans_2,housing_1,job_2,telephone_0,275,0,1,train
18,2404,26,2,2,2,1,status_3,credit_history_4,purpose_4,savings_0,employment_duration_2,other_debtors_0,property_2,other_installment_plans_2,housing_1,job_2,telephone_0,276,0,0,test
12,1262,49,2,4,1,1,status_0,credit_history_2,purpose_3,savings_4,employment_duration_4,other_debtors_0,property_1,other_installment_plans_2,housing_1,job_1,telephone_1,277,0,1,test
6,4611,32,1,4,1,1,status_3,credit_history_2,purpose_3,savings_0,employment_duration_1,other_debtors_0,property_1,other_installment_plans_2,housing_1,job_2,telephone_0,278,1,0,train
24,1901,29,4,4,1,1,status_3,credit_history_2,purpose_4,savings_1,employment_duration_2,other_debtors_0,property_2,other_installment_plans_2,housing_0,job_3,telephone_1,279,0,1,test
15,3368,23,3,4,2,1,status_3,credit_history_4,purpose_1,savings_3,employment_duration_4,other_debtors_0,property_3,other_installment_plans_2,housing_0,job_2,telephone_1,280,0,1,train
12,1574,50,4,2,1,1,status_3,credit_history_2,purpose_3,savings_0,employment_duration_2,other_debtors_0,property_0,other_installment_plans_2,housing_1,job_2,telephone_0,281,0,1,calib
18,1445,49,4,4,1,1,status_2,credit_history_1,purpose_4,savings_4,employment_duration_3,other_debtors_0,property_2,other_installment_plans_0,housing_1,job_1,telephone_0,282,0,1,test
15,1520,63,4,4,1,1,status_3,credit_history_4,purpose_3,savings_4,employment_duration_4,other_debtors_0,property_1,other_installment_plans_2,housing_1,job_2,telephone_0,283,0,1,test
24,3878,37,4,2,1,1,status_1,credit_history_4,purpose_0,savings_1,employment_duration_1,other_debtors_0,property_2,other_installment_plans_2,housing_1,job_2,telephone_1,284,0,1,test
47,10722,35,1,1,1,1,status_0,credit_history_2,purpose_0,savings_0,employment_duration_1,other_debtors_0,property_0,other_installment_plans_2,housing_1,job_1,telephone_1,285,0,0,train
48,4788,26,4,3,1,2,status_0,credit_history_2,purpose_1,savings_0,employment_duration_3,other_debtors_0,property_1,other_installment_plans_2,housing_1,job_2,telephone_0,286,0,1,train
48,7582,31,2,4,1,1,status_1,credit_history_3,purpose_2,savings_1,employment_duration_0,other_debtors_0,property_3,other_installment_plans_2,housing_2,job_3,telephone_1,287,0,1,calib
12,1092,49,4,4,2,1,status_1,credit_history_2,purpose_4,savings_0,employment_duration_2,other_debtors_2,property_0,other_installment_plans_2,housing_1,job_2,telephone_1,288,0,0,calib
24,1024,48,4,4,1,1,status_0,credit_history_3,purpose_4,savings_0,employment_duration_1,other_debtors_0,property_0,other_installment_plans_1,housing_1,job_2,telephone_0,289,1,1,train
12,1076,26,2,2,1,1,status_3,credit_history_2,purpose_9,savings_0,employment_duration_2,other_debtors_0,property_0,other_installment_plans_2,housing_1,job_2,telephone_1,290,0,1,train
36,9398,28,1,4,1,1,status_1,credit_history_2,purpose_1,savings_0,employment_duration_1,other_debtors_0,property_2,other_installment_plans_2,housing_0,job_3,telephone_1,291,1,1,test
24,6419,44,2,4,2,2,status_0,credit_history_4,purpose_1,savings_0,employment_duration_4,other_debtors_0,property_3,other_installment_plans_2,housing_2,job_3,telephone_1,292,0,0,test
42,4796,56,4,4,1,1,status_2,credit_history_4,purpose_1,savings_0,employment_duration_4,other_debtors_0,property_3,other_installment_plans_2,housing_2,job_2,telephone_0,293,0,1,train
48,7629,46,4,2,2,2,status_3,credit_history_4,purpose_9,savings_4,employment_duration_4,other_debtors_0,property_2,other_installment_plans_0,housing_1,job_3,telephone_0,294,0,1,train
48,9960,26,1,2,1,1,status_1,credit_history_2,purpose_3,savings_0,employment_duration_1,other_debtors_0,property_2,other_installment_plans_2,housing_1,job_2,telephone_1,295,1,0,test
12,4675,20,1,4,1,1,status_3,credit_history_2,purpose_1,savings_4,employment_duration_1,other_debtors_0,property_2,other_installment_plans_2,housing_0,job_2,telephone_0,296,0,0,test
10,1287,45,4,2,1,1,status_3,credit_history_2,purpose_0,savings_4,employment_duration_4,other_debtors_1,property_1,other_installment_plans_2,housing_1,job_1,telephone_0,297,0,1,train
18,2515,43,3,4,1,1,status_3,credit_history_2,purpose_3,savings_0,employment_duration_2,other_debtors_0,property_0,other_installment_plans_2,housing_1,job_2,telephone_1,298,0,1,test
21,2745,32,3,2,2,1,status_1,credit_history_4,purpose_3,savings_3,employment_duration_3,other_debtors_0,property_2,other_installment_plans_2,housing_1,job_2,telephone_1,299,0,1,test
6,672,54,1,4,1,1,status_3,credit_history_2,purpose_0,savings_0,employment_duration_0,other_debtors_0,property_0,other_installment_plans_2,housing_1,job_0,telephone_1,300,0,0,train
36,3804,42,4,1,1,1,status_1,credit_history_0,purpose_4,savings_0,employment_duration_2,other_debtors_0,property_2,other_installment_plans_2,housing_1,job_2,telephone_1,301,1,0,calib
24,1344,37,4,2,2,2,status_2,credit_history_4,purpose_0,savings_4,employment_duration_3,other_debtors_0,property_0,other_installment_plans_0,housing_1,job_1,telephone_0,302,1,1,train
10,1038,49,4,3,2,1,status_0,credit_history_4,purpose_0,savings_0,employment_duration_3,other_debtors_1,property_1,other_installment_plans_2,housing_1,job_2,telephone_1,303,0,1,train
48,10127,44,2,2,1,1,status_3,credit_history_4,purpose_0,savings_2,employment_duration_2,other_debtors_0,property_3,other_installment_plans_0,housing_2,job_2,telephone_0,304,1,1,train
6,1543,33,4,2,1,1,status_3,credit_history_2,purpose_3,savings_3,employment_duration_2,other_debtors_0,property_0,other_installment_plans_2,housing_1,job_2,telephone_0,305,0,1,calib
30,4811,24,2,4,1,1,status_3,credit_history_2,purpose_1,savings_4,employment_duration_3,other_debtors_0,property_1,other_installment_plans_1,housing_0,job_1,telephone_0,306,0,0,train
12,727,33,4,3,1,1,status_0,credit_history_2,purpose_4,savings_1,employment_duration_1,other_debtors_0,property_3,other_installment_plans_2,housing_1,job_1,telephone_1,307,1,1,train
8,1237,24,3,4,1,1,status_1,credit_history_2,purpose_3,savings_0,employment_duration_2,other_debtors_0,property_0,other_installment_plans_2,housing_1,job_2,telephone_0,308,1,0,test
9,276,22,4,4,1,1,status_1,credit_history_2,purpose_0,savings_0,employment_duration_2,other_debtors_0,property_0,other_installment_plans_2,housing_0,job_1,telephone_0,309,0,1,train
48,5381,40,3,4,1,1,status_1,credit_history_2,purpose_2,savings_4,employment_duration_0,other_debtors_0,property_3,other_installment_plans_0,housing_2,job_0,telephone_1,310,0,1,train
24,5511,25,4,1,1,1,status_3,credit_history_2,purpose_3,savings_1,employment_duration_2,other_debtors_0,property_2,other_installment_plans_1,housing_1,job_2,telephone_0,311,0,1,train
24,3749,26,2,4,1,1,status_2,credit_history_2,purpose_3,savings_0,employment_duration_1,other_debtors_0,property_2,other_installment_plans_2,housing_1,job_2,telephone_0,312,0,0,train
12,685,25,2,3,1,1,status_1,credit_history_2,purpose_0,savings_0,employment_duration_3,other_debtors_0,property_2,other_installment_plans_0,housing_1,job_1,telephone_0,313,1,1,calib
4,1494,29,1,2,1,2,status_2,credit_history_2,purpose_0,savings_4,employment_duration_1,other_debtors_0,property_0,other_installment_plans_2,housing_1,job_1,telephone_0,314,0,1,train
36,2746,31,4,4,1,1,status_0,credit_history_1,purpose_3,savings_0,employment_duration_4,other_debtors_0,property_2,other_installment_plans_0,housing_1,job_2,telephone_0,315,1,1,calib
12,708,38,2,3,1,2,status_0,credit_history_2,purpose_3,savings_0,employment_duration_2,other_debtors_2,property_1,other_installment_plans_2,housing_1,job_1,telephone_0,316,0,1,train
24,4351,48,1,4,1,1,status_1,credit_history_2,purpose_3,savings_4,employment_duration_2,other_debtors_0,property_1,other_installment_plans_2,housing_1,job_1,telephone_1,317,0,0,train
12,701,32,4,2,2,1,status_3,credit_history_4,purpose_7,savings_0,employment_duration_2,other_debtors_0,property_2,other_installment_plans_2,housing_1,job_2,telephone_0,318,0,1,calib
15,3643,27,1,4,2,1,status_0,credit_history_3,purpose_3,savings_0,employment_duration_4,other_debtors_0,property_1,other_installment_plans_2,housing_1,job_1,telephone_0,319,0,0,test
30,4249,28,4,2,2,1,status_1,credit_history_4,purpose_0,savings_0,employment_duration_0,other_debtors_0,property_2,other_installment_plans_2,housing_1,job_3,telephone_0,320,1,1,train
24,1938,32,4,3,1,1,status_0,credit_history_2,purpose_4,savings_0,employment_duration_1,other_debtors_0,property_1,other_installment_plans_2,housing_1,job_2,telephone_0,321,1,1,train
24,2910,34,2,1,1,1,status_0,credit_history_2,purpose_1,savings_0,employment_duration_3,other_debtors_0,property_3,other_installment_plans_2,housing_2,job_3,telephone_1,322,0,1,calib
18,2659,28,4,2,1,1,status_0,credit_history_2,purpose_3,savings_3,employment_duration_2,other_debtors_0,property_2,other_installment_plans_2,housing_1,job_2,telephone_0,323,0,1,train
18,1028,36,4,3,2,1,status_3,credit_history_4,purpose_0,savings_0,employment_duration_2,other_debtors_0,property_0,other_installment_plans_2,housing_1,job_2,telephone_0,324,0,0,calib
8,3398,39,1,4,2,1,status_0,credit_history_4,purpose_0,savings_0,employment_duration_3,other_debtors_0,property_0,other_installment_plans_2,housing_1,job_1,telephone_0,325,0,1,test
12,5801,49,2,4,1,1,status_3,credit_history_4,purpose_3,savings_4,employment_duration_4,other_debtors_0,property_1,other_installment_plans_2,housing_0,job_2,telephone_1,326,0,1,train
24,1525,34,4,3,1,2,status_3,credit_history_2,purpose_0,savings_3,employment_duration_3,other_debtors_0,property_2,other_installment_plans_2,housing_1,job_2,telephone_1,327,0,0,train
36,4473,31,4,2,1,1,status_2,credit_history_2,purpose_4,savings_0,employment_duration_4,other_debtors_0,property_2,other_installment_plans_2,housing_1,job_2,telephone_0,328,0,1,train
6,1068,28,4,4,1,2,status_1,credit_history_2,purpose_4,savings_0,employment_duration_4,other_debtors_0,property_2,other_installment_plans_2,housing_1,job_2,telephone_0,329,0,1,train
24,6615,75,2,4,2,1,status_0,credit_history_4,purpose_1,savings_0,employment_duration_0,other_debtors_0,property_3,other_installment_plans_2,housing_2,job_3,telephone_1,330,0,1,train
18,1864,30,4,2,2,1,status_3,credit_history_4,purpose_7,savings_1,employment_duration_2,other_debtors_0,property_0,other_installment_plans_2,housing_1,job_2,telephone_0,331,1,0,train
60,7408,24,4,2,1,1,status_1,credit_history_2,purpose_0,savings_1,employment_duration_1,other_debtors_0,property_1,other_installment_plans_2,housing_1,job_3,telephone_0,332,1,0,calib
48,11590,24,2,4,2,1,status_3,credit_history_4,purpose_1,savings_1,employment_duration_2,other_debtors_0,property_2,other_installment_plans_0,housing_0,job_1,telephone_0,333,1,0,train
24,4110,23,3,4,2,2,status_0,credit_history_0,purpose_3,savings_0,employment_duration_4,other_debtors_0,property_3,other_installment_plans_0,housing_0,job_2,telephone_0,334,1,1,test
6,3384,44,1,4,1,1,status_0,credit_history_4,purpose_3,savings_0,employment_duration_2,other_debtors_0,property_0,other_installment_plans_2,housing_0,job_3,telephone_1,335,1,1,train
13,2101,23,2,4,1,1,status_1,credit_history_2,purpose_4,savings_0,employment_duration_1,other_debtors_2,property_1,other_installment_plans_2,housing_1,job_1,telephone_0,336,0,0,train
15,1275,24,4,2,1,1,status_0,credit_history_2,purpose_5,savings_4,employment_duration_2,other_debtors_0,property_2,other_installment_plans_2,housing_0,job_2,telephone_0,337,1,0,test
24,4169,28,4,4,1,1,status_0,credit_history_2,purpose_3,savings_0,employment_duration_2,other_debtors_0,property_1,other_installment_plans_2,housing_1,job_2,telephone_0,338,0,1,calib
10,1521,31,4,2,1,1,status_1,credit_history_2,purpose_3,savings_0,employment_duration_2,other_debtors_0,property_2,other_installment_plans_2,housing_1,job_1,telephone_0,339,0,1,train
24,5743,24,2,4,2,1,status_1,credit_history_4,purpose_7,savings_0,employment_duration_1,other_debtors_0,property_3,other_installment_plans_2,housing_2,job_2,telephone_1,340,0,0,train
21,3599,26,1,4,1,1,status_0,credit_history_2,purpose_3,savings_0,employment_duration_3,other_debtors_0,property_2,other_installment_plans_2,housing_0,job_1,telephone_0,341,0,0,calib
18,3213,25,1,3,1,1,status_1,credit_history_2,purpose_4,savings_2,employment_duration_1,other_debtors_0,property_0,other_installment_plans_2,housing_0,job_2,telephone_0,342,0,1,train
18,4439,33,1,1,1,1,status_1,credit_history_2,purpose_9,savings_0,employment_duration_4,other_debtors_1,property_0,other_installment_plans_0,housing_1,job_3,telephone_1,343,0,1,train
10,3949,37,1,1,1,2,status_2,credit_history_2,purpose_0,savings_0,employment_duration_1,other_debtors_2,property_1,other_installment_plans_2,housing_1,job_1,telephone_0,344,0,1,train
15,1459,43,4,2,1,1,status_3,credit_history_4,purpose_4,savings_0,employment_duration_2,other_debtors_0,property_2,other_installment_plans_2,housing_1,job_1,telephone_0,345,0,0,train
13,882,23,4,4,2,1,status_1,credit_history_4,purpose_4,savings_0,employment_duration_1,other_debtors_2,property_0,other_installment_plans_2,housing_1,job_2,telephone_0,346,0,1,train
24,3758,23,1,4,1,1,status_1,credit_history_2,purpose_4,savings_2,employment_duration_0,other_debtors_0,property_3,other_installment_plans_2,housing_0,job_0,telephone_0,347,0,0,train
6,1743,34,1,2,2,1,status_3,credit_history_3,purpose_9,savings_1,employment_duration_2,other_debtors_0,property_0,other_installment_plans_2,housing_1,job_1,telephone_0,348,0,1,train
9,1136,32,4,3,2,2,status_1,credit_history_4,purpose_7,savings_3,employment_duration_4,other_debtors_0,property_3,other_installment_plans_2,housing_2,job_2,telephone_0,349,1,1,train
9,1236,23,1,4,1,1,status_3,credit_history_2,purpose_5,savings_0,employment_duration_1,other_debtors_0,property_0,other_installment_plans_2,housing_0,job_2,telephone_1,350,0,0,test
9,959,29,1,2,1,1,status_1,credit_history_2,purpose_3,savings_0,employment_duration_2,other_debtors_0,property_2,other_installment_plans_2,housing_1,job_2,telephone_0,351,1,0,train
18,3229,38,2,4,1,1,status_3,credit_history_4,purpose_1,savings_4,employment_duration_0,other_debtors_0,property_3,other_installment_plans_2,housing_1,job_3,telephone_1,352,0,1,test
12,6199,28,4,2,2,1,status_0,credit_history_0,purpose_4,savings_0,employment_duration_2,other_debtors_0,property_1,other_installment_plans_2,housing_0,job_2,telephone_1,353,1,1,train
10,727,46,4,4,1,1,status_3,credit_history_2,purpose_7,savings_2,employment_duration_4,other_debtors_0,property_3,other_installment_plans_2,housing_2,job_2,telephone_1,354,0,1,train
24,1246,23,4,2,1,1,status_1,credit_history_2,purpose_0,savings_0,employment_duration_1,other_debtors_0,property_0,other_installment_plans_1,housing_1,job_1,telephone_0,355,1,1,train
12,2331,49,1,4,1,1,status_3,credit_history_4,purpose_4,savings_4,employment_duration_4,other_debtors_1,property_0,other_installment_plans_2,housing_1,job_2,telephone_1,356,0,1,train
36,4463,26,4,2,2,1,status_3,credit_history_3,purpose_4,savings_0,employment_duration_2,other_debtors_0,property_2,other_installment_plans_2,housing_1,job_3,telephone_1,357,1,1,calib
12,776,28,4,2,1,1,status_3,credit_history_2,purpose_4,savings_0,employment_duration_2,other_debtors_0,property_0,other_installment_plans_2,housing_1,job_2,telephone_0,358,0,1,test
30,2406,23,4,4,1,1,status_0,credit_history_2,purpose_3,savings_0,employment_duration_3,other_debtors_0,property_0,other_installment_plans_2,housing_0,job_2,telephone_0,359,1,0,test
18,1239,61,4,4,1,1,status_1,credit_history_2,purpose_7,savings_4,employment_duration_2,other_debtors_0,property_3,other_installment_plans_2,housing_2,job_2,telephone_0,360,0,1,train
12,3399,37,2,3,1,1,status_2,credit_history_2,purpose_4,savings_4,employment_duration_4,other_debtors_0,property_2,other_installment_plans_2,housing_1,job_3,telephone_0,361,0,1,calib
12,2247,36,2,2,2,1,status_2,credit_history_3,purpose_0,savings_0,employment_duration_2,other_debtors_0,property_2,other_installment_plans_1,housing_1,job_2,telephone_1,362,0,0,train
6,1766,21,1,2,1,1,status_3,credit_history_2,purpose_3,savings_0,employment_duration_2,other_debtors_0,property_1,other_installment_plans_2,housing_0,job_2,telephone_0,363,0,1,train
18,2473,25,4,1,1,1,status_0,credit_history_2,purpose_3,savings_0,employment_duration_0,other_debtors_0,property_2,other_installment_plans_2,housing_1,job_0,telephone_0,364,1,1,train
12,1542,36,2,4,1,1,status_3,credit_history_2,purpose_9,savings_0,employment_duration_3,other_debtors_0,property_2,other_installment_plans_2,housing_1,job_2,telephone_1,365,0,1,train
18,3850,27,3,1,2,1,status_3,credit_history_4,purpose_1,savings_0,employment_duration_3,other_debtors_0,property_2,other_installment_plans_2,housing_1,job_2,telephone_0,366,0,1,train
18,3650,22,1,4,1,1,status_0,credit_history_2,purpose_3,savings_0,employment_duration_1,other_debtors_0,property_2,other_installment_plans_2,housing_0,job_2,telephone_0,367,0,0,calib
36,3446,42,4,2,1,2,status_0,credit_history_2,purpose_3,savings_0,employment_duration_4,other_debtors_0,property_2,other_installment_plans_2,housing_1,job_2,telephone_0,368,1,1,train
18,3001,40,2,4,1,1,status_1,credit_history_2,purpose_3,savings_0,employment_duration_3,other_debtors_0,property_0,other_installment_plans_2,housing_0,job_2,telephone_0,369,0,0,test
36,3079,36,4,4,1,1,status_3,credit_history_2,purpose_0,savings_4,employment_duration_2,other_debtors_0,property_0,other_installment_plans_2,housing_1,job_2,telephone_0,370,0,1,train
18,6070,33,3,4,2,1,status_3,credit_history_4,purpose_4,savings_0,employment_duration_4,other_debtors_0,property_2,other_installment_plans_2,housing_1,job_2,telephone_1,371,0,1,train
10,2146,23,1,3,2,1,status_3,credit_history_4,purpose_3,savings_0,employment_duration_1,other_debtors_0,property_0,other_installment_plans_2,housing_0,job_2,telephone_0,372,0,0,train
60,13756,63,2,4,1,1,status_3,credit_history_4,purpose_0,savings_4,employment_duration_4,other_debtors_0,property_3,other_installment_plans_0,housing_2,job_3,telephone_1,373,0,1,calib
60,14782,60,3,4,2,1,status_1,credit_history_1,purpose_2,savings_1,employment_duration_4,other_debtors_0,property_3,other_installment_plans_0,housing_2,job_3,telephone_1,374,1,0,calib
48,7685,37,2,4,1,1,status_0,credit_history_1,purpose_9,savings_0,employment_duration_3,other_debtors_2,property_2,other_installment_plans_2,housing_0,job_2,telephone_0,375,1,0,calib
18,2320,34,2,3,2,1,status_3,credit_history_3,purpose_4,savings_0,employment_duration_0,other_debtors_0,property_0,other_installment_plans_2,housing_1,job_2,telephone_0,376,0,1,train
7,846,36,3,4,1,1,status_3,credit_history_3,purpose_4,savings_4,employment_duration_4,other_debtors_0,property_3,other_installment_plans_2,housing_2,job_2,telephone_0,377,0,1,train
36,14318,57,4,2,1,1,status_1,credit_history_2,purpose_0,savings_0,employment_duration_4,other_debtors_0,property_3,other_installment_plans_2,housing_2,job_3,telephone_1,378,1,1,test
6,362,52,4,4,2,1,status_3,credit_history_4,purpose_0,savings_1,employment_duration_2,other_debtors_0,property_2,other_installment_plans_2,housing_1,job_1,telephone_0,379,0,0,train
20,2212,39,4,4,1,1,status_0,credit_history_2,purpose_3,savings_4,employment_duration_3,other_debtors_0,property_2,other_installment_plans_2,housing_1,job_2,telephone_1,380,0,1,test
18,12976,38,3,4,1,1,status_1,credit_history_2,purpose_1,savings_0,employment_duration_0,other_debtors_0,property_3,other_installment_plans_2,housing_2,job_3,telephone_1,381,1,0,train
22,1283,25,4,4,1,1,status_3,credit_history_2,purpose_0,savings_4,employment_duration_3,other_debtors_0,property_1,other_installment_plans_2,housing_0,job_2,telephone_0,382,0,0,train
12,1330,26,4,1,1,1,status_2,credit_history_2,purpose_0,savings_0,employment_duration_1,other_debtors_0,property_0,other_installment_plans_2,housing_1,job_2,telephone_0,383,0,1,test
30,4272,26,2,2,2,1,status_3,credit_history_3,purpose_9,savings_1,employment_duration_2,other_debtors_0,property_1,other_installment_plans_2,housing_1,job_1,telephone_0,384,0,1,train
18,2238,25,2,1,2,1,status_3,credit_history_4,purpose_4,savings_0,employment_duration_2,other_debtors_0,property_2,other_installment_plans_2,housing_1,job_2,telephone_0,385,0,0,calib
18,1126,21,4,2,1,1,status_3,credit_history_2,purpose_4,savings_4,employment_duration_1,other_debtors_0,property_0,other_installment_plans_2,housing_0,job_2,telephone_1,386,0,0,train
18,7374,40,4,4,2,1,status_1,credit_history_4,purpose_3,savings_0,employment_duration_0,other_debtors_0,property_1,other_installment_plans_1,housing_1,job_3,telephone_1,387,0,1,test
15,2326,27,2,4,1,1,status_1,credit_history_4,purpose_9,savings_2,employment_duration_2,other_debtors_0,property_2,other_installment_plans_0,housing_1,job_2,telephone_0,388,0,1,train
9,1449,27,3,2,2,1,status_3,credit_history_2,purpose_9,savings_0,employment_duration_3,other_debtors_0,property_2,other_installment_plans_2,housing_1,job_2,telephone_0,389,0,0,train
18,1820,30,2,2,1,1,status_3,credit_history_2,purpose_0,savings_0,employment_duration_2,other_debtors_0,property_1,other_installment_plans_2,housing_1,job_3,telephone_1,390,0,1,test
12,983,19,1,4,1,1,status_1,credit_history_2,purpose_3,savings_3,employment_duration_1,other_debtors_0,property_0,other_installment_plans_2,housing_0,job_1,telephone_0,391,0,0,calib
36,3249,39,2,4,1,2,status_0,credit_history_2,purpose_0,savings_0,employment_duration_3,other_debtors_0,property_3,other_installment_plans_0,housing_2,job_3,telephone_1,392,0,1,train
6,1957,31,1,4,1,1,status_0,credit_history_4,purpose_4,savings_0,employment_duration_3,other_debtors_0,property_2,other_installment_plans_2,housing_1,job_2,telephone_0,393,0,0,train
9,2406,31,2,3,1,1,status_3,credit_history_4,purpose_3,savings_0,employment_duration_0,other_debtors_0,property_2,other_installment_plans_2,housing_1,job_3,telephone_0,394,0,1,calib
39,11760,32,2,3,1,1,status_1,credit_history_3,purpose_7,savings_1,employment_duration_3,other_debtors_0,property_3,other_installment_plans_2,housing_0,job_2,telephone_1,395,0,1,train
12,2578,55,3,4,1,1,status_0,credit_history_2,purpose_3,savings_0,employment_duration_0,other_debtors_0,property_3,other_installment_plans_2,housing_2,job_3,telephone_0,396,0,0,calib
36,2348,46,3,2,2,1,status_0,credit_history_4,purpose_3,savings_0,employment_duration_2,other_debtors_0,property_1,other_installment_plans_2,housing_1,job_2,telephone_1,397,0,1,train
12,1223,46,1,1,2,1,status_1,credit_history_2,purpose_0,savings_0,employment_duration_4,other_debtors_0,property_0,other_installment_plans_2,housing_0,job_2,telephone_0,398,1,1,calib
24,1516,43,4,1,2,1,status_3,credit_history_4,purpose_4,savings_3,employment_duration_2,other_debtors_0,property_0,other_installment_plans_2,housing_1,job_1,telephone_0,399,0,0,train
18,1473,39,3,4,1,1,status_3,credit_history_2,purpose_4,savings_0,employment_duration_1,other_debtors_0,property_0,other_installment_plans_2,housing_1,job_2,telephone_1,400,0,1,test
18,1887,28,4,4,2,1,status_1,credit_history_4,purpose_9,savings_4,employment_duration_2,other_debtors_0,property_0,other_installment_plans_0,housing_1,job_2,telephone_0,401,0,1,train
24,8648,27,2,2,2,1,status_3,credit_history_3,purpose_9,savings_0,employment_duration_1,other_debtors_0,property_2,other_installment_plans_0,housing_1,job_2,telephone_1,402,1,1,calib
14,802,27,4,2,2,1,status_3,credit_history_3,purpose_0,savings_0,employment_duration_2,other_debtors_0,property_2,other_installment_plans_2,housing_1,job_1,telephone_0,403,0,1,train
18,2899,43,4,4,1,2,status_1,credit_history_3,purpose_0,savings_4,employment_duration_4,other_debtors_0,property_2,other_installment_plans_2,housing_1,job_2,telephone_0,404,0,1,train
24,2039,22,1,1,1,1,status_1,credit_history_2,purpose_4,savings_0,employment_duration_1,other_debtors_0,property_1,other_installment_plans_2,housing_1,job_2,telephone_1,405,1,1,calib
24,2197,43,4,4,2,2,status_3,credit_history_4,purpose_1,savings_4,employment_duration_3,other_debtors_0,property_2,other_installment_plans_2,housing_1,job_2,telephone_1,406,0,1,train
15,1053,27,4,2,1,1,status_0,credit_history_2,purpose_4,savings_0,employment_duration_1,other_debtors_0,property_0,other_installment_plans_2,housing_1,job_2,telephone_0,407,0,1,train
24,3235,26,3,2,1,1,status_3,credit_history_2,purpose_4,savings_2,employment_duration_4,other_debtors_0,property_2,other_installment_plans_2,housing_1,job_3,telephone_1,408,0,1,train
12,939,28,4,2,3,1,status_2,credit_history_4,purpose_0,savings_2,employment_duration_3,other_debtors_0,property_0,other_installment_plans_2,housing_1,job_2,telephone_1,409,1,1,train
24,1967,20,4,4,1,1,status_1,credit_history_2,purpose_4,savings_0,employment_duration_4,other_debtors_0,property_2,other_installment_plans_2,housing_1,job_2,telephone_1,410,0,0,train
33,7253,35,3,2,2,1,status_3,credit_history_4,purpose_1,savings_0,employment_duration_3,other_debtors_0,property_2,other_installment_plans_2,housing_1,job_3,telephone_1,411,0,1,train
12,2292,42,4,2,2,1,status_3,credit_history_4,purpose_9,savings_0,employment_duration_0,other_debtors_0,property_2,other_installment_plans_1,housing_1,job_3,telephone_1,412,1,1,test
10,1597,40,3,2,1,2,status_3,credit_history_2,purpose_0,savings_2,employment_duration_2,other_debtors_0,property_3,other_installment_plans_2,housing_0,job_1,telephone_0,413,0,1,train
24,1381,35,4,2,1,1,status_0,credit_history_2,purpose_0,savings_4,employment_duration_2,other_debtors_0,property_1,other_installment_plans_2,housing_1,job_2,telephone_0,414,1,0,train
36,5842,35,2,2,2,2,status_3,credit_history_4,purpose_1,savings_0,employment_duration_4,other_debtors_0,property_1,other_installment_plans_2,housing_1,job_2,telephone_1,415,0,1,train
12,2579,33,4,1,1,2,status_0,credit_history_2,purpose_0,savings_0,employment_duration_1,other_debtors_0,property_0,other_installment_plans_2,housing_1,job_1,telephone_0,416,1,1,train
18,8471,23,1,2,2,1,status_0,credit_history_3,purpose_7,savings_4,employment_duration_2,other_debtors_0,property_2,other_installment_plans_2,housing_0,job_2,telephone_1,417,0,0,train
21,2782,31,1,2,1,1,status_3,credit_history_2,purpose_0,savings_2,employment_duration_3,other_debtors_0,property_2,other_installment_plans_0,housing_1,job_3,telephone_0,418,0,0,test
18,1042,33,4,2,1,1,status_1,credit_history_2,purpose_0,savings_4,employment_duration_2,other_debtors_0,property_1,other_installment_plans_2,housing_1,job_2,telephone_0,419,1,0,calib
15,3186,20,2,3,1,1,status_3,credit_history_2,purpose_0,savings_3,employment_duration_3,other_debtors_0,property_2,other_installment_plans_2,housing_0,job_2,telephone_0,420,0,0,test
12,2028,30,4,2,1,1,status_1,credit_history_2,purpose_1,savings_4,employment_duration_2,other_debtors_0,property_2,other_installment_plans_2,housing_1,job_2,telephone_0,421,0,1,test
12,958,47,2,3,2,2,status_1,credit_history_4,purpose_0,savings_0,employment_duration_3,other_debtors_0,property_0,other_installment_plans_2,housing_1,job_1,telephone_0,422,0,1,train
21,1591,34,4,3,2,1,status_3,credit_history_3,purpose_3,savings_1,employment_duration_3,other_debtors_0,property_0,other_installment_plans_2,housing_1,job_3,telephone_0,423,0,1,train
12,2762,25,1,2,1,1,status_1,credit_history_2,purpose_3,savings_4,employment_duration_4,other_debtors_0,property_1,other_installment_plans_0,housing_1,job_2,telephone_1,424,1,0,train
18,2779,21,1,3,1,1,status_1,credit_history_2,purpose_1,savings_0,employment_duration_2,other_debtors_0,property_2,other_installment_plans_2,housing_0,job_2,telephone_1,425,0,1,train
28,2743,29,4,2,2,1,status_3,credit_history_4,purpose_4,savings_0,employment_duration_4,other_debtors_0,property_2,other_installment_plans_2,housing_1,job_2,telephone_0,426,0,1,train
18,1149,46,4,3,2,1,status_3,credit_history_4,purpose_4,savings_3,employment_duration_2,other_debtors_0,property_0,other_installment_plans_2,housing_1,job_2,telephone_0,427,0,1,train
9,1313,20,1,4,1,1,status_3,credit_history_2,purpose_3,savings_0,employment_duration_4,other_debtors_0,property_2,other_installment_plans_2,housing_1,job_2,telephone_0,428,0,1,calib
18,1190,55,2,4,3,2,status_0,credit_history_4,purpose_6,savings_0,employment_duration_0,other_debtors_0,property_3,other_installment_plans_2,housing_2,job_0,telephone_0,429,1,0,train
5,3448,74,1,4,1,1,status_3,credit_history_2,purpose_9,savings_0,employment_duration_3,other_debtors_0,property_0,other_installment_plans_2,housing_1,job_1,telephone_0,430,0,1,train
24,11328,29,2,3,2,1,status_1,credit_history_2,purpose_2,savings_0,employment_duration_2,other_debtors_1,property_2,other_installment_plans_0,housing_1,job_3,telephone_1,431,1,1,train
6,1872,36,4,4,3,1,status_0,credit_history_4,purpose_3,savings_0,employment_duration_0,other_debtors_0,property_3,other_installment_plans_2,housing_2,job_3,telephone_1,432,0,1,calib
24,2058,33,4,2,2,1,status_3,credit_history_4,purpose_6,savings_0,employment_duration_2,other_debtors_0,property_0,other_installment_plans_2,housing_1,job_2,telephone_1,433,0,1,test
9,2136,25,3,2,1,1,status_0,credit_history_2,purpose_3,savings_0,employment_duration_2,other_debtors_0,property_0,other_installment_plans_2,housing_1,job_2,telephone_0,434,0,1,calib
12,1484,25,2,1,1,1,status_1,credit_history_2,purpose_4,savings_4,employment_duration_2,other_debtors_0,property_0,other_installment_plans_2,housing_1,job_2,telephone_1,435,1,1,train
6,660,23,2,4,1,1,status_3,credit_history_2,purpose_6,savings_2,employment_duration_3,other_debtors_0,property_0,other_installment_plans_2,housing_0,job_1,telephone_0,436,0,1,train
24,1287,37,4,4,2,1,status_3,credit_history_4,purpose_0,savings_3,employment_duration_4,other_debtors_0,property_0,other_installment_plans_2,housing_1,job_2,telephone_1,437,0,0,train
42,3394,65,4,4,2,1,status_0,credit_history_4,purpose_6,savings_0,employment_duration_0,other_debtors_1,property_2,other_installment_plans_2,housing_1,job_0,telephone_0,438,0,1,train
12,609,26,4,1,1,1,status_2,credit_history_1,purpose_9,savings_0,employment_duration_1,other_debtors_0,property_0,other_installment_plans_2,housing_1,job_0,telephone_0,439,1,0,calib
12,1884,39,4,4,1,1,status_3,credit_history_2,purpose_0,savings_0,employment_duration_4,other_debtors_0,property_2,other_installment_plans_2,housing_1,job_3,telephone_1,440,0,1,calib
12,1620,30,2,3,1,1,status_0,credit_history_2,purpose_3,savings_0,employment_duration_2,other_debtors_1,property_1,other_installment_plans_2,housing_1,job_2,telephone_0,441,0,0,train
20,2629,29,2,3,2,1,status_1,credit_history_3,purpose_2,savings_0,employment_duration_2,other_debtors_0,property_2,other_installment_plans_0,housing_1,job_2,telephone_1,442,0,1,train
12,719,41,4,4,1,2,status_3,credit_history_2,purpose_7,savings_0,employment_duration_4,other_debtors_0,property_2,other_installment_plans_0,housing_1,job_1,telephone_0,443,1,1,calib
48,5096,30,2,3,1,1,status_1,credit_history_4,purpose_3,savings_0,employment_duration_2,other_debtors_0,property_2,other_installment_plans_2,housing_1,job_3,telephone_1,444,1,0,train
9,1244,41,4,4,2,1,status_3,credit_history_4,purpose_7,savings_4,employment_duration_4,other_debtors_0,property_1,other_installment_plans_2,housing_0,job_1,telephone_0,445,0,0,calib
36,1842,34,4,4,1,1,status_0,credit_history_2,purpose_0,savings_0,employment_duration_1,other_debtors_0,property_2,other_installment_plans_2,housing_1,job_2,telephone_1,446,1,0,train
7,2576,35,2,2,1,1,status_1,credit_history_2,purpose_4,savings_0,employment_duration_2,other_debtors_2,property_0,other_installment_plans_2,housing_1,job_2,telephone_0,447,0,1,test
12,1424,55,3,4,1,1,status_2,credit_history_2,purpose_3,savings_4,employment_duration_4,other_debtors_0,property_0,other_installment_plans_2,housing_1,job_3,telephone_1,448,0,0,test
15,1512,61,3,3,2,1,status_1,credit_history_3,purpose_6,savings_3,employment_duration_2,other_debtors_0,property_1,other_installment_plans_1,housing_1,job_2,telephone_0,449,1,1,train
36,11054,30,4,2,1,1,status_3,credit_history_4,purpose_1,savings_4,employment_duration_2,other_debtors_0,property_2,other_installment_plans_2,housing_1,job_3,telephone_1,450,0,1,train
6,518,29,3,1,1,1,status_3,credit_history_2,purpose_4,savings_0,employment_duration_2,other_debtors_0,property_0,other_installment_plans_2,housing_1,job_2,telephone_0,451,0,0,train
12,2759,34,2,4,2,1,status_3,credit_history_0,purpose_3,savings_0,employment_duration_4,other_debtors_0,property_1,other_installment_plans_2,housing_1,job_2,telephone_0,452,0,1,calib
24,2670,35,4,4,1,1,status_3,credit_history_2,purpose_1,savings_0,employment_duration_4,other_debtors_0,property_2,other_installment_plans_2,housing_1,job_3,telephone_1,453,0,1,calib
24,4817,31,2,3,1,1,status_0,credit_history_2,purpose_0,savings_0,employment_duration_3,other_debtors_1,property_1,other_installment_plans_2,housing_1,job_2,telephone_1,454,1,1,test
24,2679,29,4,1,1,1,status_3,credit_history_2,purpose_1,savings_0,employment_duration_1,other_debtors_0,property_3,other_installment_plans_2,housing_1,job_3,telephone_1,455,0,0,calib
11,3905,36,2,2,2,2,status_0,credit_history_4,purpose_0,savings_0,employment_duration_2,other_debtors_0,property_0,other_installment_plans_2,housing_0,job_2,telephone_0,456,0,1,calib
12,3386,35,3,4,1,1,status_0,credit_history_2,purpose_1,savings_0,employment_duration_4,other_debtors_0,property_3,other_installment_plans_2,housing_2,job_2,telephone_1,457,1,1,calib
6,343,27,4,1,1,1,status_0,credit_history_2,purpose_5,savings_0,employment_duration_1,other_debtors_0,property_0,other_installment_plans_2,housing_1,job_2,telephone_0,458,0,0,train
18,4594,32,3,2,1,1,status_3,credit_history_2,purpose_4,savings_0,employment_duration_1,other_debtors_0,property_2,other_installment_plans_2,housing_1,job_2,telephone_1,459,0,1,calib
36,3620,37,1,2,1,2,status_0,credit_history_2,purpose_3,savings_0,employment_duration_2,other_debtors_2,property_1,other_installment_plans_2,housing_1,job_2,telephone_0,460,0,1,train
15,1721,36,2,3,1,1,status_0,credit_history_2,purpose_0,savings_0,employment_duration_1,other_debtors_0,property_0,other_installment_plans_2,housing_1,job_2,telephone_0,461,0,1,test
12,3017,34,3,1,1,1,status_1,credit_history_2,purpose_3,savings_0,employment_duration_1,other_debtors_0,property_0,other_installment_plans_2,housing_0,job_3,telephone_0,462,0,0,train
12,754,38,4,4,2,1,status_1,credit_history_2,purpose_8,savings_4,employment_duration_4,other_debtors_0,property_1,other_installment_plans_2,housing_1,job_2,telephone_0,463,0,1,train
18,1950,34,4,1,2,1,status_3,credit_history_2,purpose_9,savings_0,employment_duration_3,other_debtors_0,property_2,other_installment_plans_1,housing_1,job_2,telephone_1,464,0,1,train
24,2924,63,3,4,1,2,status_0,credit_history_2,purpose_1,savings_0,employment_duration_2,other_debtors_2,property_3,other_installment_plans_0,housing_1,job_2,telephone_1,465,0,1,train
24,1659,29,4,2,1,1,status_0,credit_history_3,purpose_4,savings_0,employment_duration_1,other_debtors_0,property_2,other_installment_plans_2,housing_0,job_1,telephone_1,466,1,0,test
48,7238,32,3,3,2,2,status_3,credit_history_3,purpose_4,savings_4,employment_duration_4,other_debtors_0,property_2,other_installment_plans_0,housing_1,job_2,telephone_0,467,0,1,train
33,2764,26,2,2,2,1,status_3,credit_history_3,purpose_9,savings_0,employment_duration_2,other_debtors_0,property_2,other_installment_plans_2,housing_1,job_2,telephone_1,468,0,0,calib
24,4679,35,3,3,2,1,status_3,credit_history_3,purpose_1,savings_0,employment_duration_3,other_debtors_0,property_2,other_installment_plans_2,housing_1,job_1,telephone_1,469,0,1,calib
24,3092,22,3,2,1,1,status_1,credit_history_2,purpose_4,savings_1,employment_duration_1,other_debtors_0,property_2,other_installment_plans_2,housing_0,job_2,telephone_1,470,1,1,calib
6,448,23,4,4,1,1,status_0,credit_history_2,purpose_7,savings_0,employment_duration_1,other_debtors_0,property_1,other_installment_plans_2,housing_1,job_2,telephone_0,471,1,0,test
9,654,28,4,3,1,1,status_0,credit_history_2,purpose_0,savings_0,employment_duration_2,other_debtors_0,property_2,other_installment_plans_2,housing_1,job_1,telephone_0,472,1,1,train
6,1238,36,4,4,1,2,status_3,credit_history_2,purpose_8,savings_4,employment_duration_0,other_debtors_0,property_1,other_installment_plans_2,housing_1,job_3,telephone_1,473,0,1,calib
18,1245,33,4,2,1,1,status_1,credit_history_4,purpose_4,savings_0,employment_duration_2,other_debtors_0,property_2,other_installment_plans_2,housing_1,job_2,telephone_0,474,1,1,test
18,3114,26,1,4,1,1,status_0,credit_history_0,purpose_3,savings_0,employment_duration_1,other_debtors_0,property_1,other_installment_plans_2,housing_0,job_2,telephone_0,475,1,0,calib
39,2569,24,4,4,1,1,status_3,credit_history_2,purpose_1,savings_2,employment_duration_2,other_debtors_0,property_2,other_installment_plans_2,housing_1,job_2,telephone_0,476,0,1,test
24,5152,25,4,2,1,1,status_2,credit_history_2,purpose_4,savings_0,employment_duration_3,other_debtors_0,property_2,other_installment_plans_0,housing_1,job_2,telephone_0,477,0,1,train
12,1037,39,3,4,1,1,status_1,credit_history_2,purpose_9,savings_1,employment_duration_3,other_debtors_0,property_0,other_installment_plans_2,housing_1,job_1,telephone_0,478,0,1,train
15,1478,44,4,4,2,2,status_0,credit_history_4,purpose_3,savings_0,employment_duration_4,other_debtors_0,property_2,other_installment_plans_2,housing_1,job_2,telephone_1,479,0,1,train
12,3573,23,1,1,1,1,status_1,credit_history_4,purpose_4,savings_0,employment_duration_2,other_debtors_0,property_0,other_installment_plans_2,housing_1,job_1,telephone_0,480,0,0,train
24,1201,26,4,1,1,1,status_1,credit_history_2,purpose_0,savings_0,employment_duration_1,other_debtors_0,property_1,other_installment_plans_2,housing_1,job_2,telephone_0,481,0,1,train
30,3622,57,4,4,2,1,status_0,credit_history_2,purpose_3,savings_3,employment_duration_4,other_debtors_0,property_1,other_installment_plans_2,housing_0,job_2,telephone_1,482,0,0,test
15,960,30,3,2,2,1,status_3,credit_history_3,purpose_3,savings_3,employment_duration_3,other_debtors_0,property_1,other_installment_plans_2,housing_1,job_2,telephone_0,483,0,0,train
12,1163,44,4,4,1,1,status_3,credit_history_4,purpose_0,savings_2,employment_duration_2,other_debtors_0,property_0,other_installment_plans_2,housing_1,job_2,telephone_1,484,0,1,test
6,1209,47,4,4,1,1,status_1,credit_history_3,purpose_0,savings_0,employment_duration_0,other_debtors_0,property_1,other_installment_plans_2,housing_1,job_3,telephone_1,485,1,1,train
12,3077,52,2,4,1,1,status_3,credit_history_2,purpose_4,savings_0,employment_duration_2,other_debtors_0,property_2,other_installment_plans_2,housing_1,job_2,telephone_1,486,0,1,calib
24,3757,62,4,4,1,1,status_3,credit_history_2,purpose_0,savings_0,employment_duration_4,other_debtors_1,property_3,other_installment_plans_2,housing_2,job_2,telephone_1,487,0,0,train
10,1418,35,3,2,1,1,status_3,credit_history_2,purpose_0,savings_1,employment_duration_2,other_debtors_0,property_0,other_installment_plans_2,housing_0,job_1,telephone_0,488,0,1,test
6,3518,26,2,3,1,1,status_3,credit_history_2,purpose_0,savings_0,employment_duration_2,other_debtors_2,property_1,other_installment_plans_2,housing_0,job_2,telephone_0,489,0,1,test
12,1934,26,2,2,2,1,status_3,credit_history_4,purpose_4,savings_0,employment_duration_4,other_debtors_0,property_3,other_installment_plans_2,housing_1,job_2,telephone_0,490,0,1,train
27,8318,42,2,4,2,1,status_1,credit_history_0,purpose_9,savings_0,employment_duration_4,other_debtors_0,property_3,other_installment_plans_2,housing_2,job_3,telephone_1,491,1,0,train
6,1237,27,1,1,2,1,status_3,credit_history_4,purpose_4,savings_1,employment_duration_2,other_debtors_0,property_1,other_installment_plans_2,housing_1,job_2,telephone_0,492,0,0,test
6,368,38,4,4,1,1,status_1,credit_history_2,purpose_4,savings_4,employment_duration_4,other_debtors_0,property_1,other_installment_plans_2,housing_1,job_2,telephone_0,493,0,1,train
12,2122,39,3,2,2,2,status_0,credit_history_4,purpose_0,savings_0,employment_duration_2,other_debtors_0,property_0,other_installment_plans_2,housing_0,job_1,telephone_0,494,0,1,calib
24,2996,20,2,4,1,1,status_0,credit_history_2,purpose_3,savings_4,employment_duration_2,other_debtors_0,property_2,other_installment_plans_2,housing_1,job_2,telephone_0,495,1,1,train
36,9034,29,4,1,1,1,status_1,credit_history_2,purpose_3,savings_1,employment_duration_1,other_debtors_1,property_3,other_installment_plans_2,housing_0,job_3,telephone_1,496,1,1,train
24,1585,40,4,3,2,1,status_3,credit_history_4,purpose_3,savings_0,employment_duration_3,other_debtors_0,property_1,other_installment_plans_2,housing_1,job_2,telephone_0,497,0,1,test
18,1301,32,4,2,1,1,status_1,credit_history_2,purpose_4,savings_0,employment_duration_4,other_debtors_2,property_0,other_installment_plans_2,housing_1,job_1,telephone_0,498,0,1,calib
6,1323,28,2,4,2,2,status_2,credit_history_4,purpose_0,savings_1,employment_duration_4,other_debtors_0,property_2,other_installment_plans_2,housing_1,job_2,telephone_1,499,0,1,train
24,3123,27,4,1,1,1,status_0,credit_history_2,purpose_0,savings_0,employment_duration_1,other_debtors_0,property_1,other_installment_plans_2,housing_1,job_2,telephone_0,500,1,0,train
36,5493,42,2,4,1,2,status_0,credit_history_2,purpose_1,savings_0,employment_duration_4,other_debtors_0,property_3,other_installment_plans_2,housing_2,job_2,telephone_0,501,0,1,train
9,1126,49,2,4,1,1,status_2,credit_history_2,purpose_4,savings_1,employment_duration_4,other_debtors_0,property_0,other_installment_plans_2,housing_1,job_2,telephone_0,502,0,1,test
24,1216,38,4,4,2,2,status_1,credit_history_4,purpose_4,savings_1,employment_duration_1,other_debtors_0,property_3,other_installment_plans_0,housing_1,job_2,telephone_0,503,1,1,calib
24,1207,24,4,4,1,1,status_0,credit_history_2,purpose_0,savings_0,employment_duration_1,other_debtors_0,property_1,other_installment_plans_2,housing_0,job_2,telephone_0,504,1,0,train
10,1309,27,4,4,1,1,status_3,credit_history_2,purpose_0,savings_4,employment_duration_2,other_debtors_2,property_1,other_installment_plans_2,housing_1,job_1,telephone_0,505,1,1,train
15,2360,36,2,2,1,1,status_2,credit_history_4,purpose_1,savings_2,employment_duration_2,other_debtors_0,property_2,other_installment_plans_2,housing_1,job_2,telephone_1,506,0,1,calib
15,6850,34,1,2,1,2,status_1,credit_history_1,purpose_0,savings_1,employment_duration_0,other_debtors_0,property_1,other_installment_plans_2,housing_1,job_3,telephone_1,507,1,1,train
24,1413,28,4,2,1,1,status_3,credit_history_2,purpose_4,savings_0,employment_duration_2,other_debtors_0,property_1,other_installment_plans_2,housing_1,job_2,telephone_0,508,0,1,train
39,8588,45,4,2,1,1,status_3,credit_history_2,purpose_1,savings_1,employment_duration_4,other_debtors_0,property_2,other_installment_plans_2,housing_1,job_3,telephone_1,509,0,1,train
12,759,26,4,2,1,1,status_0,credit_history_2,purpose_0,savings_0,employment_duration_3,other_debtors_0,property_0,other_installment_plans_2,housing_1,job_2,telephone_0,510,1,1,calib
36,4686,32,2,2,1,1,status_3,credit_history_2,purpose_1,savings_0,employment_duration_2,other_debtors_0,property_3,other_installment_plans_2,housing_2,job_3,telephone_1,511,0,1,test
15,2687,26,2,4,1,1,status_2,credit_history_2,purpose_9,savings_0,employment_duration_3,other_debtors_0,property_1,other_installment_plans_2,housing_0,job_2,telephone_1,512,0,1,train
12,585,20,4,4,2,1,status_1,credit_history_3,purpose_4,savings_0,employment_duration_2,other_debtors_1,property_0,other_installment_plans_2,housing_0,job_2,telephone_0,513,0,1,train
24,2255,54,4,1,1,1,status_3,credit_history_2,purpose_0,savings_4,employment_duration_1,other_debtors_0,property_1,other_installment_plans_2,housing_1,job_2,telephone_0,514,0,1,calib
6,609,37,4,3,2,1,status_0,credit_history_4,purpose_0,savings_0,employment_duration_3,other_debtors_0,property_1,other_installment_plans_2,housing_1,job_2,telephone_0,515,0,0,test
6,1361,40,2,4,1,2,status_0,credit_history_4,purpose_0,savings_0,employment_duration_1,other_debtors_0,property_0,other_installment_plans_2,housing_1,job_1,telephone_0,516,0,1,train
36,7127,23,2,4,2,1,status_3,credit_history_4,purpose_3,savings_0,employment_duration_1,other_debtors_0,property_1,other_installment_plans_2,housing_0,job_2,telephone_1,517,1,0,train
6,1203,43,3,2,1,1,status_0,credit_history_2,purpose_0,savings_1,employment_duration_4,other_debtors_0,property_1,other_installment_plans_2,housing_1,job_2,telephone_1,518,0,1,train
6,700,36,4,4,2,1,status_3,credit_history_4,purpose_4,savings_4,employment_duration_4,other_debtors_0,property_3,other_installment_plans_2,housing_2,job_2,telephone_0,519,0,1,train
24,5507,44,3,4,2,1,status_3,credit_history_4,purpose_6,savings_0,employment_duration_4,other_debtors_0,property_3,other_installment_plans_2,housing_2,job_2,telephone_0,520,0,1,train
18,3190,24,2,2,1,1,status_0,credit_history_2,purpose_4,savings_0,employment_duration_2,other_debtors_0,property_0,other_installment_plans_2,housing_1,job_2,telephone_0,521,1,0,train
48,7119,53,3,4,2,2,status_0,credit_history_0,purpose_3,savings_0,employment_duration_2,other_debtors_0,property_3,other_installment_plans_2,housing_2,job_2,telephone_0,522,1,1,test
24,3488,23,3,4,1,1,status_3,credit_history_2,purpose_1,savings_1,employment_duration_3,other_debtors_0,property_2,other_installment_plans_2,housing_1,job_2,telephone_0,523,0,0,train
18,1113,26,4,4,1,2,status_1,credit_history_2,purpose_4,savings_0,employment_duration_2,other_debtors_2,property_0,other_installment_plans_2,housing_1,job_1,telephone_0,524,0,0,calib
26,7966,30,2,3,2,1,status_1,credit_history_2,purpose_1,savings_0,employment_duration_1,other_debtors_0,property_2,other_installment_plans_2,housing_1,job_2,telephone_0,525,0,1,train
15,1532,31,4,3,1,1,status_3,credit_history_4,purpose_7,savings_1,employment_duration_2,other_debtors_0,property_2,other_installment_plans_2,housing_1,job_2,telephone_0,526,0,0,test
4,1503,42,2,1,2,2,status_3,credit_history_4,purpose_4,savings_0,employment_duration_3,other_debtors_0,property_0,other_installment_plans_2,housing_1,job_1,telephone_0,527,0,1,calib
36,2302,31,4,4,1,1,status_0,credit_history_2,purpose_4,savings_0,employment_duration_2,other_debtors_0,property_2,other_installment_plans_2,housing_0,job_2,telephone_0,528,1,1,test
6,662,41,3,4,1,2,status_0,credit_history_2,purpose_0,savings_0,employment_duration_1,other_debtors_0,property_0,other_installment_plans_2,housing_1,job_1,telephone_1,529,0,1,train
36,2273,32,3,1,2,2,status_1,credit_history_2,purpose_7,savings_0,employment_duration_3,other_debtors_0,property_2,other_installment_plans_2,housing_1,job_2,telephone_0,530,0,1,train
15,2631,28,2,4,2,1,status_1,credit_history_2,purpose_0,savings_1,employment_duration_2,other_debtors_0,property_2,other_installment_plans_2,housing_0,job_2,telephone_1,531,1,0,train
12,1503,41,4,4,1,1,status_3,credit_history_3,purpose_1,savings_0,employment_duration_2,other_debtors_0,property_0,other_installment_plans_2,housing_0,job_2,telephone_0,532,0,1,train
24,1311,26,4,3,1,1,status_3,credit_history_2,purpose_4,savings_1,employment_duration_3,other_debtors_0,property_1,other_installment_plans_2,housing_1,job_2,telephone_1,533,0,1,test
24,3105,25,4,2,2,1,status_3,credit_history_2,purpose_4,savings_4,employment_duration_1,other_debtors_0,property_2,other_installment_plans_2,housing_1,job_2,telephone_0,534,0,1,calib
21,2319,33,2,1,1,1,status_2,credit_history_4,purpose_7,savings_0,employment_duration_1,other_debtors_0,property_2,other_installment_plans_2,housing_0,job_2,telephone_0,535,1,1,calib
6,1374,75,4,3,1,1,status_0,credit_history_2,purpose_0,savings_4,employment_duration_0,other_debtors_0,property_1,other_installment_plans_2,housing_1,job_3,telephone_1,536,0,0,test
18,3612,37,3,4,1,1,status_1,credit_history_4,purpose_3,savings_0,employment_duration_4,other_debtors_0,property_1,other_installment_plans_2,housing_1,job_2,telephone_1,537,0,0,calib
48,7763,42,4,4,1,1,status_0,credit_history_2,purpose_0,savings_0,employment_duration_4,other_debtors_0,property_3,other_installment_plans_0,housing_2,job_3,telephone_0,538,1,1,test
18,3049,45,1,1,1,1,status_2,credit_history_2,purpose_3,savings_0,employment_duration_1,other_debtors_0,property_1,other_installment_plans_1,housing_1,job_1,telephone_0,539,0,0,train
12,1534,23,1,1,1,1,status_1,credit_history_2,purpose_4,savings_0,employment_duration_1,other_debtors_0,property_0,other_installment_plans_2,housing_0,job_2,telephone_0,540,1,1,test
24,2032,60,4,4,2,1,status_3,credit_history_3,purpose_0,savings_0,employment_duration_4,other_debtors_0,property_3,other_installment_plans_2,housing_2,job_2,telephone_1,541,0,1,train
30,6350,31,4,4,1,1,status_0,credit_history_2,purpose_3,savings_4,employment_duration_4,other_debtors_0,property_1,other_installment_plans_2,housing_1,job_2,telephone_0,542,1,1,train
18,2864,34,2,1,1,2,status_2,credit_history_2,purpose_3,savings_0,employment_duration_2,other_debtors_0,property_0,other_installment_plans_2,housing_1,job_1,telephone_0,543,1,1,train
12,1255,61,4,4,2,1,status_3,credit_history_4,purpose_0,savings_0,employment_duration_4,other_debtors_0,property_0,other_installment_plans_2,housing_1,job_1,telephone_0,544,0,1,calib
24,1333,43,4,2,2,2,status_0,credit_history_3,purpose_0,savings_0,employment_duration_0,other_debtors_0,property_0,other_installment_plans_2,housing_2,job_2,telephone_0,545,1,1,train
24,2022,37,4,4,1,1,status_3,credit_history_4,purpose_0,savings_0,employment_duration_2,other_debtors_0,property_2,other_installment_plans_2,housing_1,job_2,telephone_1,546,0,0,train
24,1552,32,3,1,1,2,status_3,credit_history_2,purpose_4,savings_0,employment_duration_3,other_debtors_0,property_2,other_installment_plans_0,housing_1,job_2,telephone_0,547,0,1,train
12,626,24,4,4,1,1,status_0,credit_history_1,purpose_4,savings_0,employment_duration_2,other_debtors_0,property_0,other_installment_plans_0,housing_1,job_1,telephone_0,548,1,0,train
48,8858,35,2,1,2,1,status_3,credit_history_4,purpose_1,savings_4,employment_duration_3,other_debtors_0,property_3,other_installment_plans_2,housing_2,job_2,telephone_1,549,0,1,calib
12,996,23,4,4,2,1,status_3,credit_history_4,purpose_6,savings_4,employment_duration_3,other_debtors_0,property_0,other_installment_plans_2,housing_1,job_2,telephone_0,550,0,0,train
6,1750,45,2,4,1,2,status_3,credit_history_1,purpose_4,savings_2,employment_duration_4,other_debtors_0,property_1,other_installment_plans_0,housing_1,job_1,telephone_0,551,0,1,train
48,6999,34,1,1,2,1,status_0,credit_history_2,purpose_4,savings_0,employment_duration_3,other_debtors_2,property_0,other_installment_plans_2,housing_1,job_2,telephone_1,552,1,1,train
12,1995,27,4,1,1,1,status_1,credit_history_4,purpose_0,savings_1,employment_duration_1,other_debtors_0,property_2,other_installment_plans_2,housing_1,job_2,telephone_0,553,0,1,train
9,1199,67,4,4,2,1,status_1,credit_history_2,purpose_7,savings_0,employment_duration_3,other_debtors_0,property_1,other_installment_plans_2,housing_1,job_3,telephone_1,554,0,0,train
12,1331,22,2,1,1,1,status_1,credit_history_2,purpose_4,savings_0,employment_duration_1,other_debtors_0,property_2,other_installment_plans_1,housing_1,job_2,telephone_0,555,1,1,train
18,2278,28,3,3,2,1,status_1,credit_history_0,purpose_0,savings_1,employment_duration_1,other_debtors_0,property_2,other_installment_plans_2,housing_1,job_2,telephone_0,556,1,0,test
21,5003,29,1,4,2,1,status_3,credit_history_0,purpose_0,savings_4,employment_duration_2,other_debtors_0,property_1,other_installment_plans_0,housing_1,job_2,telephone_1,557,1,0,train
24,3552,27,3,4,1,1,status_0,credit_history_1,purpose_3,savings_0,employment_duration_3,other_debtors_0,property_2,other_installment_plans_0,housing_1,job_2,telephone_0,558,1,1,calib
18,1928,31,2,2,2,1,status_1,credit_history_4,purpose_3,savings_0,employment_duration_1,other_debtors_0,property_0,other_installment_plans_2,housing_1,job_1,telephone_0,559,1,1,train
24,2964,49,4,4,1,2,status_0,credit_history_2,purpose_1,savings_4,employment_duration_4,other_debtors_0,property_3,other_installment_plans_0,housing_2,job_2,telephone_1,560,0,1,train
24,1546,24,4,4,1,1,status_0,credit_history_1,purpose_4,savings_0,employment_duration_3,other_debtors_2,property_2,other_installment_plans_0,housing_0,job_1,telephone_0,561,1,1,test
6,683,29,2,1,1,1,status_2,credit_history_3,purpose_4,savings_0,employment_duration_1,other_debtors_0,property_1,other_installment_plans_0,housing_1,job_2,telephone_0,562,0,0,train
36,12389,37,1,4,1,1,status_1,credit_history_2,purpose_0,savings_4,employment_duration_2,other_debtors_0,property_3,other_installment_plans_2,housing_2,job_2,telephone_1,563,1,1,train
24,4712,37,4,2,2,1,status_1,credit_history_3,purpose_9,savings_4,employment_duration_2,other_debtors_0,property_1,other_installment_plans_0,housing_1,job_3,telephone_1,564,0,1,train
24,1553,23,3,2,2,1,status_1,credit_history_3,purpose_4,savings_1,employment_duration_3,other_debtors_0,property_1,other_installment_plans_2,housing_0,job_2,telephone_1,565,0,0,train
12,1372,36,2,3,1,1,status_0,credit_history_2,purpose_0,savings_0,employment_duration_3,other_debtors_0,property_2,other_installment_plans_2,housing_1,job_2,telephone_0,566,1,1,train
24,2578,34,2,2,1,1,status_3,credit_history_4,purpose_4,savings_3,employment_duration_4,other_debtors_0,property_2,other_installment_plans_2,housing_1,job_2,telephone_0,567,0,1,train
48,3979,41,4,1,2,2,status_1,credit_history_2,purpose_4,savings_4,employment_duration_3,other_debtors_0,property_2,other_installment_plans_2,housing_1,job_2,telephone_1,568,0,1,train
48,6758,31,3,2,1,1,status_0,credit_history_2,purpose_4,savings_0,employment_duration_2,other_debtors_0,property_2,other_installment_plans_2,housing_1,job_2,telephone_1,569,1,0,train
24,3234,23,4,4,1,1,status_0,credit_history_2,purpose_3,savings_0,employment_duration_1,other_debtors_0,property_0,other_installment_plans_2,housing_0,job_1,telephone_1,570,1,0,train
30,5954,38,3,2,1,1,status_3,credit_history_4,purpose_4,savings_0,employment_duration_3,other_debtors_1,property_2,other_installment_plans_2,housing_1,job_2,telephone_0,571,0,1,calib
24,5433,26,2,4,1,1,status_3,credit_history_2,purpose_1,savings_4,employment_duration_0,other_debtors_0,property_1,other_installment_plans_2,housing_0,job_3,telephone_1,572,0,0,train
15,806,22,4,4,1,1,status_0,credit_history_2,purpose_9,savings_0,employment_duration_2,other_debtors_0,property_1,other_installment_plans_2,housing_1,job_1,telephone_0,573,0,0,test
9,1082,27,4,4,2,1,status_1,credit_history_2,purpose_4,savings_0,employment_duration_4,other_debtors_0,property_2,other_installment_plans_2,housing_1,job_1,telephone_0,574,0,1,train
15,2788,24,2,3,2,1,status_3,credit_history_4,purpose_3,savings_0,employment_duration_3,other_debtors_1,property_2,other_installment_plans_0,housing_1,job_2,telephone_0,575,0,0,train
12,2930,27,2,1,1,1,status_1,credit_history_2,purpose_4,savings_0,employment_duration_3,other_debtors_0,property_0,other_installment_plans_2,housing_1,job_2,telephone_0,576,0,0,calib
24,1927,33,3,2,2,1,status_3,credit_history_4,purpose_7,savings_4,employment_duration_2,other_debtors_0,property_2,other_installment_plans_2,housing_1,job_2,telephone_1,577,0,0,train
36,2820,27,4,4,2,1,status_1,credit_history_4,purpose_0,savings_0,employment_duration_1,other_debtors_0,property_2,other_installment_plans_2,housing_1,job_2,telephone_0,578,1,1,train
24,937,27,4,3,2,1,status_3,credit_history_2,purpose_8,savings_0,employment_duration_1,other_debtors_0,property_2,other_installment_plans_2,housing_1,job_1,telephone_0,579,0,1,test
18,1056,30,3,3,2,1,status_1,credit_history_4,purpose_0,savings_0,employment_duration_4,other_debtors_2,property_0,other_installment_plans_0,housing_1,job_2,telephone_0,580,1,1,train
12,3124,49,1,3,2,2,status_1,credit_history_4,purpose_0,savings_0,employment_duration_1,other_debtors_0,property_0,other_installment_plans_0,housing_1,job_1,telephone_0,581,0,1,train
9,1388,26,4,2,1,1,status_3,credit_history_2,purpose_3,savings_0,employment_duration_2,other_debtors_0,property_0,other_installment_plans_2,housing_0,job_2,telephone_0,582,0,0,train
36,2384,33,4,1,1,1,status_1,credit_history_2,purpose_6,savings_0,employment_duration_1,other_debtors_0,property_3,other_installment_plans_2,housing_0,job_1,telephone_0,583,1,1,calib
12,2133,52,4,4,1,1,status_3,credit_history_2,purpose_0,savings_4,employment_duration_4,other_debtors_0,property_3,other_installment_plans_2,housing_2,job_3,telephone_1,584,0,0,test
18,2039,20,1,4,1,1,status_0,credit_history_2,purpose_3,savings_0,employment_duration_2,other_debtors_0,property_0,other_installment_plans_0,housing_0,job_2,telephone_0,585,1,0,train
9,2799,36,2,2,2,2,status_0,credit_history_4,purpose_0,savings_0,employment_duration_2,other_debtors_0,property_0,other_installment_plans_2,housing_0,job_2,telephone_0,586,0,1,train
12,1289,21,4,1,1,1,status_0,credit_history_2,purpose_3,savings_0,employment_duration_2,other_debtors_2,property_1,other_installment_plans_2,housing_1,job_1,telephone_0,587,0,1,train
18,1217,47,4,3,1,1,status_0,credit_history_2,purpose_5,savings_0,employment_duration_2,other_debtors_0,property_0,other_installment_plans_2,housing_1,job_1,telephone_1,588,1,1,train
12,2246,60,3,3,2,1,status_0,credit_history_4,purpose_3,savings_0,employment_duration_4,other_debtors_0,property_1,other_installment_plans_2,housing_1,job_2,telephone_0,589,1,1,test
12,385,58,4,3,4,1,status_0,credit_history_4,purpose_4,savings_0,employment_duration_3,other_debtors_0,property_0,other_installment_plans_2,housing_1,job_1,telephone_1,590,0,0,train
24,1965,42,4,4,2,1,status_1,credit_history_3,purpose_0,savings_4,employment_duration_2,other_debtors_0,property_2,other_installment_plans_2,housing_0,job_2,telephone_1,591,0,0,train
21,1572,36,4,4,1,1,status_3,credit_history_2,purpose_9,savings_3,employment_duration_4,other_debtors_0,property_0,other_installment_plans_0,housing_1,job_1,telephone_0,592,0,0,train
24,2718,20,3,4,1,1,status_1,credit_history_2,purpose_0,savings_0,employment_duration_2,other_debtors_0,property_1,other_installment_plans_2,housing_0,job_1,telephone_1,593,1,0,train
24,1358,40,4,3,1,1,status_0,credit_history_1,purpose_2,savings_4,employment_duration_4,other_debtors_0,property_2,other_installment_plans_1,housing_1,job_3,telephone_1,594,1,1,train
6,931,32,1,1,1,1,status_1,credit_history_1,purpose_0,savings_1,employment_duration_1,other_debtors_0,property_1,other_installment_plans_1,housing_1,job_1,telephone_0,595,1,0,train
24,1442,23,4,4,2,1,status_0,credit_history_2,purpose_0,savings_0,employment_duration_3,other_debtors_0,property_2,other_installment_plans_2,housing_0,job_2,telephone_0,596,1,0,test
24,4241,36,1,4,3,1,status_1,credit_history_0,purpose_9,savings_0,employment_duration_2,other_debtors_0,property_0,other_installment_plans_2,housing_1,job_1,telephone_1,597,1,1,train
18,2775,31,2,2,2,1,status_3,credit_history_4,purpose_0,savings_0,employment_duration_3,other_debtors_0,property_1,other_installment_plans_0,housing_1,job_2,telephone_0,598,1,1,train
24,3863,32,1,2,1,1,status_3,credit_history_3,purpose_9,savings_0,employment_duration_2,other_debtors_0,property_3,other_installment_plans_2,housing_2,job_2,telephone_0,599,0,1,test
7,2329,45,1,1,1,1,status_1,credit_history_2,purpose_4,savings_0,employment_duration_1,other_debtors_2,property_0,other_installment_plans_2,housing_1,job_2,telephone_0,600,0,0,calib
9,918,30,4,1,1,1,status_1,credit_history_2,purpose_3,savings_0,employment_duration_2,other_debtors_0,property_1,other_installment_plans_2,housing_1,job_2,telephone_0,601,1,0,test
24,1837,34,4,4,1,1,status_1,credit_history_1,purpose_7,savings_0,employment_duration_3,other_debtors_0,property_3,other_installment_plans_0,housing_2,job_1,telephone_0,602,1,0,train
36,3349,28,4,2,1,1,status_3,credit_history_2,purpose_3,savings_0,employment_duration_2,other_debtors_0,property_2,other_installment_plans_2,housing_1,job_3,telephone_1,603,1,0,test
10,1275,23,4,2,1,1,status_2,credit_history_2,purpose_3,savings_0,employment_duration_1,other_debtors_0,property_1,other_installment_plans_2,housing_1,job_2,telephone_0,604,0,0,train
24,2828,22,4,4,1,1,status_0,credit_history_1,purpose_3,savings_2,employment_duration_2,other_debtors_0,property_0,other_installment_plans_1,housing_1,job_2,telephone_1,605,0,1,train
24,4526,74,3,2,1,1,status_3,credit_history_4,purpose_9,savings_0,employment_duration_2,other_debtors_0,property_0,other_installment_plans_2,housing_1,job_3,telephone_1,606,0,1,train
36,2671,50,4,4,1,1,status_1,credit_history_2,purpose_4,savings_1,employment_duration_2,other_debtors_1,property_3,other_installment_plans_2,housing_2,job_2,telephone_0,607,1,0,calib
18,2051,33,4,1,1,1,status_3,credit_history_2,purpose_4,savings_0,employment_duration_1,other_debtors_0,property_0,other_installment_plans_2,housing_1,job_2,telephone_0,608,0,1,train
15,1300,45,4,4,1,2,status_3,credit_history_2,purpose_1,savings_4,employment_duration_4,other_debtors_0,property_3,other_installment_plans_0,housing_2,job_2,telephone_0,609,0,1,train
12,741,22,4,3,1,1,status_0,credit_history_2,purpose_5,savings_1,employment_duration_0,other_debtors_0,property_1,other_installment_plans_2,housing_1,job_2,telephone_0,610,1,0,train
10,1240,48,1,4,1,2,status_2,credit_history_2,purpose_0,savings_1,employment_duration_4,other_debtors_0,property_3,other_installment_plans_2,housing_2,job_1,telephone_0,611,1,0,test
21,3357,29,4,2,1,1,status_0,credit_history_2,purpose_4,savings_3,employment_duration_1,other_debtors_0,property_2,other_installment_plans_0,housing_1,job_2,telephone_0,612,0,0,train
24,3632,22,1,4,1,1,status_0,credit_history_1,purpose_1,savings_0,employment_duration_2,other_debtors_2,property_2,other_installment_plans_0,housing_0,job_2,telephone_0,613,0,0,train
18,1808,22,4,1,1,1,status_3,credit_history_3,purpose_3,savings_0,employment_duration_3,other_debtors_0,property_0,other_installment_plans_2,housing_1,job_2,telephone_0,614,1,0,train
48,12204,48,2,2,1,1,status_1,credit_history_0,purpose_9,savings_4,employment_duration_2,other_debtors_0,property_2,other_installment_plans_0,housing_1,job_3,telephone_1,615,0,1,train
60,9157,27,2,2,1,1,status_1,credit_history_3,purpose_4,savings_4,employment_duration_2,other_debtors_0,property_3,other_installment_plans_2,housing_2,job_3,telephone_0,616,0,1,test
6,3676,37,1,3,3,2,status_0,credit_history_4,purpose_0,savings_0,employment_duration_2,other_debtors_0,property_0,other_installment_plans_2,housing_0,job_2,telephone_0,617,0,1,train
30,3441,21,2,4,1,1,status_1,credit_history_2,purpose_3,savings_1,employment_duration_2,other_debtors_1,property_2,other_installment_plans_2,housing_0,job_2,telephone_0,618,1,0,train
12,640,49,4,2,1,1,status_3,credit_history_2,purpose_0,savings_0,employment_duration_2,other_debtors_0,property_0,other_installment_plans_2,housing_1,job_1,telephone_0,619,0,1,train
21,3652,27,2,3,2,1,status_1,credit_history_4,purpose_9,savings_0,employment_duration_3,other_debtors_0,property_1,other_installment_plans_2,housing_1,job_2,telephone_0,620,0,1,calib
18,1530,32,3,2,2,1,status_3,credit_history_4,purpose_0,savings_0,employment_duration_2,other_debtors_0,property_1,other_installment_plans_0,housing_1,job_2,telephone_0,621,1,1,test
48,3914,38,4,2,1,1,status_3,credit_history_2,purpose_9,savings_4,employment_duration_2,other_debtors_0,property_0,other_installment_plans_0,housing_1,job_2,telephone_0,622,1,1,calib
12,1858,22,4,1,1,1,status_0,credit_history_2,purpose_3,savings_0,employment_duration_1,other_debtors_0,property_2,other_installment_plans_2,housing_0,job_2,telephone_0,623,0,0,test
18,2600,65,4,4,2,1,status_0,credit_history_2,purpose_4,savings_0,employment_duration_2,other_debtors_0,property_3,other_installment_plans_2,housing_2,job_2,telephone_0,624,1,1,train
15,1979,35,4,2,1,1,status_3,credit_history_2,purpose_4,savings_4,employment_duration_4,other_debtors_0,property_2,other_installment_plans_2,housing_1,job_2,telephone_0,625,0,1,test
6,2116,41,2,2,1,1,status_2,credit_history_2,purpose_3,savings_0,employment_duration_2,other_debtors_0,property_0,other_installment_plans_2,housing_1,job_2,telephone_1,626,0,1,train
9,1437,29,2,3,1,1,status_1,credit_history_1,purpose_0,savings_1,employment_duration_3,other_debtors_0,property_3,other_installment_plans_2,housing_1,job_2,telephone_0,627,1,1,test
42,4042,36,4,4,2,1,status_3,credit_history_4,purpose_3,savings_2,employment_duration_2,other_debtors_0,property_0,other_installment_plans_2,housing_1,job_2,telephone_1,628,0,1,train
9,3832,64,1,4,1,1,status_3,credit_history_2,purpose_7,savings_4,employment_duration_4,other_debtors_0,property_0,other_installment_plans_2,housing_1,job_1,telephone_0,629,0,1,train
24,3660,28,2,4,1,1,status_0,credit_history_2,purpose_4,savings_0,employment_duration_2,other_debtors_0,property_2,other_installment_plans_2,housing_1,job_2,telephone_0,630,0,0,test
18,1553,44,4,3,1,1,status_0,credit_history_1,purpose_3,savings_0,employment_duration_2,other_debtors_0,property_2,other_installment_plans_0,housing_1,job_2,telephone_0,631,1,1,train
15,1444,23,4,1,1,1,status_1,credit_history_2,purpose_4,savings_4,employment_duration_1,other_debtors_0,property_1,other_installment_plans_2,housing_1,job_2,telephone_0,632,0,1,train
9,1980,19,2,2,2,1,status_3,credit_history_2,purpose_3,savings_0,employment_duration_1,other_debtors_1,property_2,other_installment_plans_2,housing_0,job_2,telephone_0,633,1,0,calib
24,1355,25,3,4,1,1,status_1,credit_history_2,purpose_0,savings_0,employment_duration_1,other_debtors_0,property_2,other_installment_plans_2,housing_1,job_1,telephone_1,634,1,0,test
12,1393,47,4,4,3,2,status_3,credit_history_2,purpose_7,savings_0,employment_duration_4,other_debtors_0,property_1,other_installment_plans_0,housing_1,job_2,telephone_1,635,0,1,train
24,1376,28,4,1,1,1,status_3,credit_history_2,purpose_4,savings_2,employment_duration_3,other_debtors_0,property_2,other_installment_plans_2,housing_1,job_2,telephone_0,636,0,0,train
60,15653,21,2,4,2,1,status_3,credit_history_3,purpose_4,savings_0,employment_duration_3,other_debtors_0,property_2,other_installment_plans_2,housing_1,job_2,telephone_1,637,0,1,train
12,1493,34,4,3,1,2,status_3,credit_history_2,purpose_4,savings_0,employment_duration_1,other_debtors_0,property_2,other_installment_plans_2,housing_1,job_2,telephone_0,638,0,0,train
42,4370,26,3,2,2,2,status_0,credit_history_3,purpose_4,savings_0,employment_duration_3,other_debtors_0,property_1,other_installment_plans_0,housing_1,job_2,telephone_1,639,1,1,calib
18,750,27,4,1,1,1,status_0,credit_history_2,purpose_7,savings_0,employment_duration_0,other_debtors_0,property_0,other_installment_plans_2,housing_1,job_0,telephone_0,640,1,0,train
15,1308,38,4,4,2,1,status_1,credit_history_2,purpose_6,savings_0,employment_duration_4,other_debtors_0,property_2,other_installment_plans_2,housing_1,job_1,telephone_0,641,0,1,train
15,4623,40,3,2,1,1,status_3,credit_history_2,purpose_7,savings_1,employment_duration_2,other_debtors_0,property_1,other_installment_plans_2,housing_1,job_3,telephone_1,642,1,1,train
24,1851,33,4,2,2,1,status_3,credit_history_4,purpose_4,savings_0,employment_duration_3,other_debtors_2,property_2,other_installment_plans_2,housing_1,job_2,telephone_1,643,0,1,train
18,1880,32,4,1,2,1,status_0,credit_history_4,purpose_4,savings_0,employment_duration_3,other_debtors_0,property_1,other_installment_plans_2,housing_1,job_3,telephone_1,644,0,1,train
36,7980,27,4,4,2,1,status_3,credit_history_3,purpose_9,savings_4,employment_duration_1,other_debtors_0,property_2,other_installment_plans_2,housing_0,job_2,telephone_1,645,1,1,test
30,4583,32,2,2,2,1,status_0,credit_history_0,purpose_3,savings_0,employment_duration_2,other_debtors_2,property_0,other_installment_plans_2,housing_1,job_2,telephone_0,646,0,1,calib
12,1386,26,2,2,1,1,status_3,credit_history_2,purpose_0,savings_2,employment_duration_2,other_debtors_0,property_1,other_installment_plans_2,housing_1,job_2,telephone_0,647,1,0,train
24,947,38,4,3,1,2,status_2,credit_history_2,purpose_0,savings_0,employment_duration_3,other_debtors_0,property_3,other_installment_plans_0,housing_2,job_2,telephone_0,648,1,1,train
12,684,40,4,4,1,2,status_0,credit_history_2,purpose_7,savings_0,employment_duration_2,other_debtors_0,property_2,other_installment_plans_2,housing_0,job_1,telephone_0,649,1,1,train
48,7476,50,4,1,1,1,status_0,credit_history_2,purpose_7,savings_0,employment_duration_3,other_debtors_0,property_3,other_installment_plans_2,housing_2,job_3,telephone_1,650,0,1,train
12,1922,37,4,2,1,1,status_1,credit_history_2,purpose_3,savings_0,employment_duration_2,other_debtors_0,property_1,other_installment_plans_2,housing_1,job_1,telephone_0,651,1,1,train
24,2303,45,4,1,1,1,status_0,credit_history_2,purpose_0,savings_0,employment_duration_4,other_debtors_1,property_0,other_installment_plans_2,housing_1,job_2,telephone_0,652,1,1,test
36,8086,42,2,4,4,1,status_1,credit_history_3,purpose_0,savings_1,employment_duration_4,other_debtors_0,property_2,other_installment_plans_2,housing_1,job_3,telephone_1,653,1,1,train
24,2346,35,4,3,2,1,status_3,credit_history_4,purpose_1,savings_0,employment_duration_3,other_debtors_0,property_2,other_installment_plans_2,housing_1,job_2,telephone_1,654,0,1,train
14,3973,22,1,4,1,1,status_0,credit_history_2,purpose_0,savings_0,employment_duration_0,other_debtors_0,property_3,other_installment_plans_2,housing_2,job_2,telephone_0,655,0,1,calib
12,888,41,4,4,1,2,status_1,credit_history_2,purpose_0,savings_0,employment_duration_4,other_debtors_0,property_2,other_installment_plans_0,housing_1,job_1,telephone_0,656,1,1,calib
48,10222,37,4,3,1,1,status_3,credit_history_2,purpose_4,savings_4,employment_duration_3,other_debtors_0,property_2,other_installment_plans_1,housing_1,job_2,telephone_1,657,0,1,train
30,4221,28,2,1,2,1,status_1,credit_history_0,purpose_9,savings_0,employment_duration_2,other_debtors_0,property_2,other_installment_plans_2,housing_1,job_2,telephone_0,658,0,0,train
18,6361,41,2,1,1,1,status_1,credit_history_4,purpose_3,savings_0,employment_duration_4,other_debtors_0,property_3,other_installment_plans_2,housing_1,job_2,telephone_1,659,0,1,train
12,1297,23,3,4,1,1,status_2,credit_history_2,purpose_4,savings_0,employment_duration_2,other_debtors_0,property_0,other_installment_plans_2,housing_0,job_2,telephone_0,660,0,1,test
12,900,23,4,2,1,1,status_0,credit_history_2,purpose_0,savings_4,employment_duration_2,other_debtors_0,property_2,other_installment_plans_2,housing_1,job_2,telephone_0,661,1,1,train
21,2241,50,4,2,2,1,status_3,credit_history_2,purpose_3,savings_0,employment_duration_4,other_debtors_0,property_0,other_installment_plans_2,housing_1,job_2,telephone_0,662,0,1,test
6,1050,35,4,1,2,1,status_1,credit_history_3,purpose_3,savings_0,employment_duration_0,other_debtors_0,property_1,other_installment_plans_1,housing_1,job_3,telephone_1,663,0,1,test
6,1047,50,2,4,1,1,status_2,credit_history_4,purpose_7,savings_0,employment_duration_2,other_debtors_0,property_1,other_installment_plans_2,housing_1,job_1,telephone_0,664,0,0,test
24,6314,27,4,2,2,1,status_3,credit_history_4,purpose_2,savings_0,employment_duration_0,other_debtors_1,property_3,other_installment_plans_0,housing_1,job_3,telephone_1,665,0,1,calib
30,3496,34,4,2,1,2,status_1,credit_history_1,purpose_3,savings_3,employment_duration_2,other_debtors_0,property_2,other_installment_plans_1,housing_1,job_2,telephone_1,666,0,1,train
48,3609,27,1,1,1,1,status_3,credit_history_1,purpose_9,savings_0,employment_duration_2,other_debtors_0,property_0,other_installment_plans_1,housing_1,job_2,telephone_0,667,0,0,train
12,4843,43,3,4,2,1,status_0,credit_history_4,purpose_0,savings_0,employment_duration_4,other_debtors_1,property_1,other_installment_plans_2,housing_0,job_2,telephone_1,668,1,1,calib
30,3017,47,4,4,1,1,status_2,credit_history_4,purpose_4,savings_0,employment_duration_4,other_debtors_0,property_1,other_installment_plans_2,housing_1,job_2,telephone_0,669,0,1,train
24,4139,27,3,3,2,1,status_3,credit_history_4,purpose_9,savings_1,employment_duration_2,other_debtors_0,property_1,other_installment_plans_2,housing_1,job_1,telephone_1,670,0,1,train
36,5742,31,2,2,2,1,status_3,credit_history_2,purpose_9,savings_1,employment_duration_3,other_debtors_0,property_2,other_installment_plans_2,housing_1,job_2,telephone_1,671,0,1,train
60,10366,42,2,4,1,1,status_3,credit_history_2,purpose_0,savings_0,employment_duration_4,other_debtors_0,property_1,other_installment_plans_2,housing_1,job_3,telephone_1,672,0,1,train
6,2080,24,1,2,1,1,status_3,credit_history_4,purpose_0,savings_2,employment_duration_2,other_debtors_0,property_2,other_installment_plans_2,housing_1,job_2,telephone_0,673,0,1,train
21,2580,41,4,2,1,2,status_3,credit_history_3,purpose_9,savings_2,employment_duration_1,other_debtors_0,property_0,other_installment_plans_0,housing_1,job_1,telephone_0,674,1,1,train
30,4530,26,4,4,1,1,status_3,credit_history_4,purpose_4,savings_0,employment_duration_3,other_debtors_0,property_2,other_installment_plans_2,housing_0,job_3,telephone_1,675,0,0,train
24,5150,33,4,4,1,1,status_3,credit_history_4,purpose_3,savings_0,employment_duration_4,other_debtors_0,property_2,other_installment_plans_2,housing_1,job_2,telephone_1,676,0,1,train
72,5595,24,2,2,1,1,status_1,credit_history_2,purpose_4,savings_1,employment_duration_2,other_debtors_0,property_2,other_installment_plans_2,housing_1,job_2,telephone_0,677,1,1,test
24,2384,64,4,4,1,1,status_0,credit_history_2,purpose_4,savings_0,employment_duration_4,other_debtors_0,property_0,other_installment_plans_0,housing_0,job_1,telephone_0,678,0,1,calib
18,1453,26,3,1,1,1,status_3,credit_history_2,purpose_4,savings_0,employment_duration_1,other_debtors_0,property_0,other_installment_plans_2,housing_1,job_2,telephone_0,679,0,0,train
6,1538,56,1,2,1,1,status_3,credit_history_2,purpose_7,savings_0,employment_duration_1,other_debtors_0,property_3,other_installment_plans_2,housing_1,job_2,telephone_0,680,0,0,train
12,2279,37,4,4,1,1,status_3,credit_history_2,purpose_4,savings_4,employment_duration_2,other_debtors_0,property_3,other_installment_plans_2,housing_2,job_2,telephone_1,681,0,1,calib
15,1478,33,4,3,2,1,status_3,credit_history_3,purpose_4,savings_0,employment_duration_2,other_debtors_0,property_0,other_installment_plans_0,housing_1,job_2,telephone_0,682,0,1,train
24,5103,47,3,3,3,1,status_3,credit_history_4,purpose_4,savings_0,employment_duration_1,other_debtors_0,property_3,other_installment_plans_2,housing_2,job_2,telephone_1,683,0,1,test
36,9857,31,1,3,2,2,status_1,credit_history_3,purpose_9,savings_1,employment_duration_3,other_debtors_0,property_1,other_installment_plans_2,housing_1,job_1,telephone_1,684,0,1,train
60,6527,34,4,4,1,2,status_3,credit_history_2,purpose_0,savings_4,employment_duration_2,other_debtors_0,property_3,other_installment_plans_2,housing_2,job_2,telephone_1,685,0,1,test
10,1347,27,4,2,2,1,status_2,credit_history_4,purpose_4,savings_4,employment_duration_3,other_debtors_0,property_1,other_installment_plans_2,housing_1,job_2,telephone_1,686,0,1,train
36,2862,30,4,3,1,1,status_1,credit_history_3,purpose_0,savings_1,employment_duration_4,other_debtors_0,property_3,other_installment_plans_2,housing_2,job_2,telephone_0,687,0,1,calib
9,2753,35,3,4,1,1,status_3,credit_history_2,purpose_4,savings_1,employment_duration_4,other_debtors_1,property_2,other_installment_plans_2,housing_1,job_2,telephone_1,688,0,1,calib
12,3651,31,1,3,1,2,status_0,credit_history_2,purpose_0,savings_3,employment_duration_2,other_debtors_0,property_1,other_installment_plans_2,housing_1,job_2,telephone_0,689,0,1,calib
15,975,25,2,3,2,1,status_0,credit_history_4,purpose_3,savings_0,employment_duration_2,other_debtors_0,property_1,other_installment_plans_2,housing_1,job_2,telephone_0,690,0,1,calib
15,2631,25,3,2,1,1,status_1,credit_history_2,purpose_6,savings_1,employment_duration_2,other_debtors_0,property_0,other_installment_plans_2,housing_1,job_1,telephone_0,691,0,0,calib
24,2896,29,2,1,1,1,status_1,credit_history_2,purpose_4,savings_1,employment_duration_1,other_debtors_0,property_2,other_installment_plans_2,housing_1,job_2,telephone_0,692,0,1,test
6,4716,44,1,3,2,2,status_0,credit_history_4,purpose_0,savings_4,employment_duration_1,other_debtors_0,property_0,other_installment_plans_2,housing_1,job_1,telephone_0,693,0,1,calib
24,2284,28,4,2,1,1,status_3,credit_history_2,purpose_4,savings_0,employment_duration_3,other_debtors_0,property_2,other_installment_plans_2,housing_1,job_2,telephone_1,694,0,1,train
6,1236,50,2,4,1,1,status_3,credit_history_2,purpose_1,savings_2,employment_duration_2,other_debtors_0,property_1,other_installment_plans_2,housing_0,job_2,telephone_0,695,0,1,test
12,1103,29,4,3,2,1,status_1,credit_history_2,purpose_4,savings_0,employment_duration_3,other_debtors_2,property_0,other_installment_plans_2,housing_1,job_2,telephone_0,696,0,1,calib
12,926,38,1,2,1,1,status_3,credit_history_4,purpose_0,savings_0,employment_duration_0,other_debtors_0,property_1,other_installment_plans_2,housing_1,job_0,telephone_0,697,0,0,train
18,1800,24,4,2,2,1,status_3,credit_history_4,purpose_4,savings_0,employment_duration_2,other_debtors_0,property_2,other_installment_plans_2,housing_1,job_2,telephone_0,698,0,1,train
15,1905,40,4,4,1,1,status_2,credit_history_2,purpose_7,savings_0,employment_duration_4,other_debtors_0,property_2,other_installment_plans_2,housing_0,job_3,telephone_1,699,0,1,test
12,1123,29,4,4,1,1,status_3,credit_history_2,purpose_3,savings_2,employment_duration_2,other_debtors_0,property_2,other_installment_plans_2,housing_0,job_1,telephone_0,700,1,0,train
48,6331,46,4,4,2,1,status_0,credit_history_4,purpose_1,savings_0,employment_duration_4,other_debtors_0,property_3,other_installment_plans_2,housing_2,job_2,telephone_1,701,1,1,train
24,1377,47,4,2,1,1,status_2,credit_history_2,purpose_4,savings_1,employment_duration_4,other_debtors_0,property_3,other_installment_plans_2,housing_2,job_2,telephone_1,702,0,0,train
30,2503,41,4,2,2,1,status_1,credit_history_3,purpose_9,savings_1,employment_duration_4,other_debtors_0,property_1,other_installment_plans_1,housing_1,job_2,telephone_0,703,0,1,calib
27,2528,32,4,1,1,2,status_1,credit_history_2,purpose_9,savings_0,employment_duration_1,other_debtors_0,property_1,other_installment_plans_2,housing_1,job_2,telephone_1,704,0,0,calib
15,5324,35,1,4,1,1,status_3,credit_history_2,purpose_0,savings_2,employment_duration_4,other_debtors_0,property_3,other_installment_plans_2,housing_2,job_2,telephone_0,705,0,0,train
48,6560,24,3,2,1,1,status_1,credit_history_2,purpose_0,savings_1,employment_duration_3,other_debtors_0,property_1,other_installment_plans_2,housing_1,job_2,telephone_0,706,1,1,train
12,2969,25,4,3,2,1,status_1,credit_history_0,purpose_3,savings_0,employment_duration_1,other_debtors_0,property_1,other_installment_plans_2,housing_0,job_2,telephone_0,707,1,0,test
9,1206,25,4,4,1,1,status_1,credit_history_2,purpose_4,savings_0,employment_duration_4,other_debtors_0,property_0,other_installment_plans_2,housing_1,job_2,telephone_0,708,0,0,train
9,2118,37,2,2,1,2,status_1,credit_history_2,purpose_4,savings_0,employment_duration_2,other_debtors_0,property_0,other_installment_plans_2,housing_1,job_1,telephone_0,709,0,1,train
18,629,32,4,3,2,1,status_3,credit_history_4,purpose_4,savings_2,employment_duration_4,other_debtors_0,property_1,other_installment_plans_0,housing_1,job_3,telephone_1,710,0,1,train
6,1198,35,4,4,1,1,status_0,credit_history_1,purpose_7,savings_0,employment_duration_4,other_debtors_0,property_3,other_installment_plans_2,housing_2,job_2,telephone_0,711,1,0,train
21,2476,46,4,4,1,1,status_3,credit_history_2,purpose_1,savings_4,employment_duration_4,other_debtors_0,property_0,other_installment_plans_2,housing_1,job_3,telephone_1,712,0,1,calib
9,1138,25,4,4,2,1,status_0,credit_history_4,purpose_4,savings_0,employment_duration_2,other_debtors_0,property_0,other_installment_plans_2,housing_1,job_1,telephone_0,713,0,1,train
60,14027,27,4,2,1,1,status_1,credit_history_2,purpose_0,savings_0,employment_duration_3,other_debtors_0,property_3,other_installment_plans_2,housing_1,job_3,telephone_1,714,1,1,train
30,7596,63,1,4,2,1,status_3,credit_history_4,purpose_1,savings_4,employment_duration_4,other_debtors_0,property_2,other_installment_plans_2,housing_1,job_2,telephone_0,715,0,1,train
30,3077,40,3,2,2,2,status_3,credit_history_4,purpose_4,savings_4,employment_duration_4,other_debtors_0,property_2,other_installment_plans_2,housing_1,job_2,telephone_1,716,0,1,train
18,1505,32,4,2,1,1,status_3,credit_history_2,purpose_4,savings_0,employment_duration_2,other_debtors_0,property_3,other_installment_plans_2,housing_2,job_3,telephone_1,717,0,1,test
24,3148,31,3,2,2,1,status_2,credit_history_4,purpose_4,savings_4,employment_duration_2,other_debtors_0,property_2,other_installment_plans_2,housing_1,job_2,telephone_1,718,0,1,train
20,6148,31,3,4,2,1,status_1,credit_history_0,purpose_1,savings_1,employment_duration_4,other_debtors_0,property_2,other_installment_plans_0,housing_1,job_2,telephone_1,719,0,1,calib
9,1337,34,4,2,2,1,status_2,credit_history_0,purpose_4,savings_0,employment_duration_1,other_debtors_0,property_2,other_installment_plans_2,housing_1,job_3,telephone_1,720,1,1,calib
6,433,24,4,2,1,2,status_1,credit_history_1,purpose_7,savings_3,employment_duration_1,other_debtors_0,property_1,other_installment_plans_0,housing_0,job_2,telephone_0,721,1,0,train
12,1228,24,4,2,1,1,status_0,credit_history_2,purpose_0,savings_0,employment_duration_2,other_debtors_0,property_0,other_installment_plans_2,housing_1,job_1,telephone_0,722,1,0,train
9,790,66,4,3,1,1,status_1,credit_history_2,purpose_4,savings_2,employment_duration_2,other_debtors_0,property_0,other_installment_plans_2,housing_1,job_1,telephone_0,723,0,0,calib
27,2570,21,3,3,1,1,status_3,credit_history_2,purpose_0,savings_0,employment_duration_2,other_debtors_0,property_0,other_installment_plans_2,housing_0,job_2,telephone_0,724,1,0,calib
6,250,41,2,2,2,1,status_3,credit_history_4,purpose_0,savings_3,employment_duration_2,other_debtors_0,property_0,other_installment_plans_0,housing_1,job_1,telephone_0,725,0,0,train
15,1316,47,2,2,2,1,status_3,credit_history_4,purpose_4,savings_2,employment_duration_2,other_debtors_0,property_1,other_installment_plans_2,housing_1,job_1,telephone_0,726,0,1,train
18,1882,25,4,4,2,1,status_0,credit_history_2,purpose_4,savings_0,employment_duration_2,other_debtors_0,property_2,other_installment_plans_0,housing_0,job_2,telephone_0,727,1,0,test
48,6416,59,4,3,1,1,status_1,credit_history_1,purpose_9,savings_0,employment_duration_4,other_debtors_0,property_3,other_installment_plans_2,housing_0,job_2,telephone_0,728,1,0,train
24,1275,36,2,4,2,1,status_2,credit_history_4,purpose_9,savings_3,employment_duration_2,other_debtors_0,property_0,other_installment_plans_2,housing_1,job_2,telephone_1,729,0,1,train
24,6403,33,1,2,1,1,status_1,credit_history_3,purpose_4,savings_0,employment_duration_1,other_debtors_0,property_2,other_installment_plans_2,housing_1,job_2,telephone_0,730,0,1,train
24,1987,21,2,4,1,2,status_0,credit_history_2,purpose_4,savings_0,employment_duration_2,other_debtors_0,property_0,other_installment_plans_2,housing_0,job_1,telephone_0,731,1,1,train
8,760,44,4,2,1,1,status_1,credit_history_2,purpose_4,savings_0,employment_duration_3,other_debtors_2,property_0,other_installment_plans_2,housing_1,job_1,telephone_0,732,0,0,train
24,2603,28,2,4,1,1,status_3,credit_history_2,purpose_1,savings_3,employment_duration_2,other_debtors_0,property_2,other_installment_plans_2,housing_0,job_2,telephone_1,733,0,0,train
4,3380,37,1,1,1,2,status_3,credit_history_4,purpose_0,savings_0,employment_duration_3,other_debtors_0,property_0,other_installment_plans_2,housing_1,job_2,telephone_0,734,0,0,test
36,3990,29,3,2,1,1,status_1,credit_history_1,purpose_5,savings_4,employment_duration_1,other_debtors_0,property_3,other_installment_plans_0,housing_1,job_0,telephone_0,735,0,0,train
24,11560,23,1,4,2,1,status_1,credit_history_2,purpose_1,savings_0,employment_duration_2,other_debtors_0,property_2,other_installment_plans_2,housing_0,job_3,telephone_0,736,1,0,test
18,4380,35,3,4,1,2,status_0,credit_history_2,purpose_0,savings_1,employment_duration_2,other_debtors_0,property_2,other_installment_plans_2,housing_1,job_1,telephone_1,737,0,1,train
6,6761,45,1,3,2,2,status_3,credit_history_4,purpose_0,savings_0,employment_duration_3,other_debtors_0,property_3,other_installment_plans_2,housing_1,job_3,telephone_1,738,0,1,train
30,4280,26,4,4,2,1,status_1,credit_history_0,purpose_9,savings_1,employment_duration_2,other_debtors_0,property_2,other_installment_plans_2,housing_0,job_1,telephone_0,739,1,0,calib
24,2325,32,2,3,1,1,status_0,credit_history_1,purpose_0,savings_1,employment_duration_3,other_debtors_0,property_2,other_installment_plans_0,housing_1,job_2,telephone_0,740,0,1,train
10,1048,23,4,4,1,1,status_1,credit_history_1,purpose_4,savings_0,employment_duration_2,other_debtors_0,property_0,other_installment_plans_1,housing_1,job_1,telephone_0,741,0,1,test
21,3160,41,4,3,1,1,status_3,credit_history_2,purpose_4,savings_4,employment_duration_4,other_debtors_0,property_1,other_installment_plans_2,housing_1,job_2,telephone_1,742,0,1,calib
24,2483,22,4,4,1,1,status_0,credit_history_1,purpose_3,savings_2,employment_duration_2,other_debtors_0,property_0,other_installment_plans_1,housing_1,job_2,telephone_1,743,0,1,train
39,14179,30,4,4,2,1,status_0,credit_history_4,purpose_3,savings_4,employment_duration_3,other_debtors_0,property_1,other_installment_plans_2,housing_1,job_3,telephone_1,744,0,1,test
13,1797,28,3,1,2,1,status_0,credit_history_4,purpose_9,savings_0,employment_duration_1,other_debtors_0,property_1,other_installment_plans_0,housing_1,job_1,telephone_0,745,0,1,train
15,2511,23,1,4,1,1,status_0,credit_history_2,purpose_0,savings_0,employment_duration_0,other_debtors_0,property_2,other_installment_plans_2,housing_0,job_2,telephone_0,746,0,0,test
12,1274,37,3,1,1,1,status_0,credit_history_2,purpose_0,savings_0,employment_duration_1,other_debtors_0,property_0,other_installment_plans_2,housing_1,job_1,telephone_0,747,1,0,calib
21,5248,26,1,3,1,1,status_3,credit_history_2,purpose_1,savings_4,employment_duration_2,other_debtors_0,property_2,other_installment_plans_2,housing_1,job_2,telephone_0,748,0,1,train
15,3029,33,2,2,1,1,status_3,credit_history_2,purpose_1,savings_0,employment_duration_3,other_debtors_0,property_2,other_installment_plans_2,housing_1,job_2,telephone_0,749,0,1,train
6,428,49,2,1,1,1,status_0,credit_history_2,purpose_3,savings_0,employment_duration_4,other_debtors_0,property_1,other_installment_plans_0,housing_1,job_2,telephone_1,750,0,0,calib
18,976,23,1,2,1,1,status_0,credit_history_2,purpose_0,savings_0,employment_duration_1,other_debtors_0,property_2,other_installment_plans_2,housing_1,job_1,telephone_0,751,1,0,train
12,841,23,2,4,1,1,status_1,credit_history_2,purpose_9,savings_1,employment_duration_3,other_debtors_0,property_0,other_installment_plans_2,housing_0,job_1,telephone_0,752,0,0,train
30,5771,25,4,2,2,1,status_3,credit_history_4,purpose_4,savings_0,employment_duration_3,other_debtors_0,property_2,other_installment_plans_2,housing_1,job_2,telephone_0,753,0,0,calib
12,1555,55,4,4,2,2,status_3,credit_history_3,purpose_6,savings_3,employment_duration_4,other_debtors_0,property_3,other_installment_plans_2,housing_2,job_2,telephone_0,754,1,1,test
24,1285,32,4,4,1,1,status_0,credit_history_2,purpose_0,savings_4,employment_duration_3,other_debtors_0,property_3,other_installment_plans_2,housing_0,job_2,telephone_0,755,1,0,train
6,1299,74,1,1,3,2,status_2,credit_history_4,purpose_0,savings_0,employment_duration_2,other_debtors_0,property_0,other_installment_plans_2,housing_1,job_0,telephone_0,756,0,1,calib
15,1271,39,3,4,2,1,status_2,credit_history_4,purpose_4,savings_4,employment_duration_2,other_debtors_0,property_3,other_installment_plans_2,housing_2,job_2,telephone_1,757,1,1,train
24,1393,31,2,2,1,1,status_3,credit_history_2,purpose_0,savings_0,employment_duration_2,other_debtors_2,property_0,other_installment_plans_2,housing_1,job_2,telephone_1,758,0,1,train
12,691,35,4,3,2,1,status_0,credit_history_4,purpose_0,savings_0,employment_duration_4,other_debtors_0,property_1,other_installment_plans_2,housing_1,job_2,telephone_0,759,1,1,train
15,5045,59,1,4,1,1,status_3,credit_history_4,purpose_0,savings_4,employment_duration_4,other_debtors_0,property_2,other_installment_plans_2,housing_1,job_2,telephone_1,760,0,0,calib
18,2124,24,4,4,2,1,status_0,credit_history_4,purpose_3,savings_0,employment_duration_2,other_debtors_0,property_0,other_installment_plans_2,housing_0,job_2,telephone_0,761,1,0,calib
12,2214,24,4,3,1,1,status_0,credit_history_2,purpose_4,savings_0,employment_duration_2,other_debtors_0,property_1,other_installment_plans_2,housing_1,job_1,telephone_0,762,0,1,train
21,12680,30,4,4,1,1,status_3,credit_history_4,purpose_0,savings_4,employment_duration_4,other_debtors_0,property_3,other_installment_plans_2,housing_2,job_3,telephone_1,763,1,1,train
24,2463,27,4,3,2,1,status_3,credit_history_4,purpose_0,savings_1,employment_duration_3,other_debtors_0,property_1,other_installment_plans_2,housing_1,job_2,telephone_1,764,0,1,train
12,1155,40,3,3,2,1,status_1,credit_history_2,purpose_4,savings_0,employment_duration_4,other_debtors_2,property_0,other_installment_plans_0,housing_1,job_1,telephone_0,765,0,1,train
30,3108,31,2,4,1,1,status_0,credit_history_2,purpose_3,savings_0,employment_duration_1,other_debtors_0,property_1,other_installment_plans_2,housing_1,job_1,telephone_0,766,1,1,calib
10,2901,31,1,4,1,1,status_3,credit_history_2,purpose_1,savings_4,employment_duration_1,other_debtors_0,property_0,other_installment_plans_2,housing_0,job_2,telephone_0,767,0,0,calib
12,3617,28,1,4,3,1,status_1,credit_history_4,purpose_3,savings_0,employment_duration_4,other_debtors_0,property_2,other_installment_plans_2,housing_0,job_2,telephone_1,768,0,1,calib
12,1655,63,2,4,2,1,status_3,credit_history_4,purpose_4,savings_0,employment_duration_4,other_debtors_0,property_0,other_installment_plans_2,housing_1,job_1,telephone_1,769,0,1,train
24,2812,26,2,4,1,1,status_0,credit_history_2,purpose_1,savings_4,employment_duration_4,other_debtors_0,property_0,other_installment_plans_2,housing_0,job_2,telephone_0,770,0,0,test
36,8065,25,3,2,2,1,status_0,credit_history_4,purpose_7,savings_0,employment_duration_2,other_debtors_0,property_3,other_installment_plans_2,housing_1,job_3,telephone_1,771,1,0,train
21,3275,36,1,4,1,1,status_3,credit_history_4,purpose_1,savings_0,employment_duration_4,other_debtors_0,property_2,other_installment_plans_2,housing_1,job_3,telephone_1,772,0,1,train
24,2223,52,4,4,2,1,status_3,credit_history_4,purpose_4,savings_1,employment_duration_4,other_debtors_0,property_1,other_installment_plans_0,housing_1,job_2,telephone_0,773,0,1,test
12,1480,66,2,4,3,1,status_2,credit_history_4,purpose_0,savings_2,employment_duration_0,other_debtors_0,property_3,other_installment_plans_0,housing_2,job_0,telephone_0,774,0,1,test
24,1371,25,4,4,1,1,status_0,credit_history_2,purpose_0,savings_4,employment_duration_2,other_debtors_0,property_0,other_installment_plans_2,housing_0,job_2,telephone_0,775,1,0,train
36,3535,37,4,4,2,1,status_3,credit_history_4,purpose_0,savings_0,employment_duration_3,other_debtors_0,property_2,other_installment_plans_2,housing_1,job_2,telephone_1,776,0,1,train
18,3509,25,4,1,1,1,status_0,credit_history_2,purpose_4,savings_0,employment_duration_3,other_debtors_2,property_0,other_installment_plans_2,housing_1,job_2,telephone_0,777,0,0,calib
36,5711,38,4,2,2,1,status_3,credit_history_4,purpose_1,savings_3,employment_duration_4,other_debtors_0,property_2,other_installment_plans_2,housing_1,job_3,telephone_1,778,0,1,train
18,3872,67,2,4,1,1,status_1,credit_history_2,purpose_6,savings_0,employment_duration_0,other_debtors_0,property_2,other_installment_plans_2,housing_1,job_2,telephone_1,779,0,0,train
39,4933,25,2,2,2,1,status_1,credit_history_4,purpose_4,savings_0,employment_duration_3,other_debtors_2,property_0,other_installment_plans_2,housing_1,job_2,telephone_0,780,1,1,train
24,1940,60,4,4,1,1,status_3,credit_history_4,purpose_0,savings_3,employment_duration_4,other_debtors_0,property_0,other_installment_plans_2,housing_1,job_2,telephone_1,781,0,1,calib
12,1410,31,2,2,1,1,status_1,credit_history_0,purpose_8,savings_0,employment_duration_2,other_debtors_0,property_0,other_installment_plans_2,housing_1,job_1,telephone_1,782,0,1,train
12,836,23,4,2,1,1,status_1,credit_history_2,purpose_0,savings_1,employment_duration_1,other_debtors_0,property_1,other_installment_plans_0,housing_1,job_1,telephone_0,783,1,0,test
20,6468,60,1,4,1,1,status_1,credit_history_2,purpose_1,savings_4,employment_duration_0,other_debtors_0,property_0,other_installment_plans_2,housing_1,job_3,telephone_1,784,0,1,train
18,1941,35,4,2,1,1,status_1,credit_history_2,purpose_9,savings_3,employment_duration_2,other_debtors_0,property_1,other_installment_plans_2,housing_1,job_1,telephone_1,785,0,1,train
22,2675,40,3,4,1,1,status_3,credit_history_2,purpose_4,savings_2,employment_duration_4,other_debtors_0,property_2,other_installment_plans_2,housing_1,job_2,telephone_0,786,0,1,train
48,2751,38,4,3,2,2,status_3,credit_history_4,purpose_1,savings_4,employment_duration_4,other_debtors_0,property_2,other_installment_plans_2,housing_1,job_2,telephone_1,787,0,1,calib
48,6224,50,4,4,1,1,status_1,credit_history_3,purpose_7,savings_0,employment_duration_4,other_debtors_0,property_3,other_installment_plans_2,housing_2,job_2,telephone_0,788,1,1,test
40,5998,27,4,3,1,1,status_0,credit_history_4,purpose_7,savings_0,employment_duration_2,other_debtors_0,property_3,other_installment_plans_0,housing_1,job_2,telephone_1,789,1,1,test
21,1188,39,2,4,1,2,status_1,credit_history_2,purpose_9,savings_0,employment_duration_4,other_debtors_0,property_1,other_installment_plans_2,housing_1,job_2,telephone_0,790,1,0,train
24,6313,41,3,4,1,2,status_3,credit_history_2,purpose_1,savings_4,employment_duration_4,other_debtors_0,property_2,other_installment_plans_2,housing_1,job_3,telephone_1,791,0,1,train
6,1221,27,1,2,2,1,status_3,credit_history_4,purpose_3,savings_4,employment_duration_2,other_debtors_0,property_1,other_installment_plans_2,housing_1,job_2,telephone_0,792,0,1,test
24,2892,51,3,4,1,1,status_2,credit_history_2,purpose_3,savings_0,employment_duration_4,other_debtors_0,property_3,other_installment_plans_2,housing_2,job_2,telephone_0,793,0,1,train
24,3062,32,4,3,1,1,status_3,credit_history_2,purpose_3,savings_2,employment_duration_4,other_debtors_0,property_3,other_installment_plans_2,housing_0,job_2,telephone_1,794,0,1,calib
9,2301,22,2,4,1,1,status_3,credit_history_2,purpose_3,savings_1,employment_duration_1,other_debtors_0,property_1,other_installment_plans_2,housing_0,job_2,telephone_0,795,0,0,test
18,7511,51,1,4,1,2,status_0,credit_history_2,purpose_1,savings_4,employment_duration_4,other_debtors_0,property_1,other_installment_plans_2,housing_2,job_2,telephone_1,796,1,1,calib
12,1258,22,2,4,2,1,status_3,credit_history_4,purpose_3,savings_0,employment_duration_1,other_debtors_0,property_1,other_installment_plans_2,housing_0,job_1,telephone_0,797,0,0,calib
24,717,54,4,4,2,1,status_3,credit_history_3,purpose_0,savings_4,employment_duration_4,other_debtors_0,property_2,other_installment_plans_2,housing_1,job_2,telephone_1,798,0,1,calib
9,1549,35,4,2,1,1,status_1,credit_history_2,purpose_0,savings_4,employment_duration_1,other_debtors_0,property_0,other_installment_plans_2,housing_1,job_0,telephone_0,799,0,1,train
24,1597,54,4,4,2,2,status_3,credit_history_4,purpose_7,savings_0,employment_duration_4,other_debtors_0,property_3,other_installment_plans_2,housing_2,job_2,telephone_0,800,0,1,train
18,1795,48,3,4,2,1,status_1,credit_history_4,purpose_4,savings_0,employment_duration_4,other_debtors_2,property_0,other_installment_plans_0,housing_0,job_1,telephone_1,801,0,0,train
20,4272,24,1,4,2,1,status_0,credit_history_4,purpose_3,savings_0,employment_duration_4,other_debtors_0,property_1,other_installment_plans_2,housing_1,job_2,telephone_0,802,0,0,train
12,976,35,4,4,2,1,status_3,credit_history_4,purpose_4,savings_4,employment_duration_4,other_debtors_0,property_2,other_installment_plans_2,housing_1,job_2,telephone_0,803,0,1,test
12,7472,24,1,2,1,1,status_1,credit_history_2,purpose_0,savings_4,employment_duration_0,other_debtors_0,property_0,other_installment_plans_2,housing_0,job_0,telephone_0,804,0,0,calib
36,9271,24,2,1,1,1,status_0,credit_history_2,purpose_0,savings_0,employment_duration_3,other_debtors_0,property_2,other_installment_plans_2,housing_1,job_2,telephone_1,805,1,1,test
6,590,26,3,3,1,1,status_1,credit_history_2,purpose_4,savings_0,employment_duration_1,other_debtors_0,property_0,other_installment_plans_2,housing_1,job_1,telephone_0,806,0,1,calib
12,930,65,4,4,4,1,status_3,credit_history_4,purpose_4,savings_4,employment_duration_4,other_debtors_0,property_0,other_installment_plans_2,housing_1,job_2,telephone_0,807,0,1,test
42,9283,55,1,2,1,1,status_1,credit_history_1,purpose_1,savings_0,employment_duration_0,other_debtors_0,property_3,other_installment_plans_0,housing_2,job_3,telephone_1,808,0,1,test
15,1778,26,2,1,2,1,status_1,credit_history_0,purpose_0,savings_0,employment_duration_1,other_debtors_0,property_0,other_installment_plans_2,housing_0,job_0,telephone_0,809,1,0,train
8,907,26,3,2,1,1,status_1,credit_history_2,purpose_9,savings_0,employment_duration_1,other_debtors_0,property_0,other_installment_plans_2,housing_1,job_2,telephone_1,810,0,1,calib
6,484,28,3,3,1,1,status_1,credit_history_2,purpose_4,savings_0,employment_duration_3,other_debtors_2,property_0,other_installment_plans_0,housing_1,job_1,telephone_0,811,0,1,train
36,9629,24,4,4,2,1,status_0,credit_history_4,purpose_1,savings_0,employment_duration_3,other_debtors_0,property_2,other_installment_plans_2,housing_1,job_2,telephone_1,812,1,1,train
48,3051,54,3,4,1,1,status_0,credit_history_2,purpose_5,savings_0,employment_duration_2,other_debtors_0,property_2,other_installment_plans_2,housing_1,job_2,telephone_0,813,1,1,train
48,3931,46,4,4,1,2,status_0,credit_history_2,purpose_0,savings_0,employment_duration_3,other_debtors_0,property_3,other_installment_plans_2,housing_2,job_2,telephone_0,814,1,1,calib
36,7432,54,2,2,1,1,status_1,credit_history_3,purpose_0,savings_0,employment_duration_2,other_debtors_0,property_1,other_installment_plans_2,housing_0,job_2,telephone_0,815,0,0,train
6,1338,62,1,4,1,1,status_3,credit_history_2,purpose_5,savings_2,employment_duration_2,other_debtors_0,property_0,other_installment_plans_2,housing_1,job_2,telephone_0,816,0,1,train
6,1554,24,1,2,2,1,status_3,credit_history_4,purpose_4,savings_0,employment_duration_3,other_debtors_0,property_2,other_installment_plans_2,housing_0,job_2,telephone_1,817,0,0,calib
36,15857,43,2,3,1,1,status_0,credit_history_2,purpose_2,savings_0,employment_duration_0,other_debtors_1,property_2,other_installment_plans_2,housing_1,job_3,telephone_0,818,0,1,test
18,1345,26,4,3,1,1,status_0,credit_history_2,purpose_4,savings_0,employment_duration_2,other_debtors_0,property_0,other_installment_plans_0,housing_1,job_2,telephone_0,819,1,1,test
12,1101,27,3,2,2,1,status_3,credit_history_2,purpose_0,savings_0,employment_duration_2,other_debtors_0,property_0,other_installment_plans_2,housing_1,job_2,telephone_1,820,0,1,train
12,3016,24,3,1,1,1,status_2,credit_history_2,purpose_4,savings_0,employment_duration_2,other_debtors_0,property_2,other_installment_plans_2,housing_1,job_2,telephone_0,821,0,1,train
36,2712,41,2,2,1,2,status_0,credit_history_2,purpose_3,savings_0,employment_duration_4,other_debtors_0,property_1,other_installment_plans_0,housing_1,job_2,telephone_0,822,1,1,train
8,731,47,4,4,2,1,status_0,credit_history_4,purpose_0,savings_0,employment_duration_4,other_debtors_0,property_0,other_installment_plans_2,housing_1,job_1,telephone_0,823,0,1,train
18,3780,35,3,2,2,1,status_3,credit_history_4,purpose_3,savings_0,employment_duration_1,other_debtors_0,property_2,other_installment_plans_2,housing_1,job_3,telephone_1,824,0,1,train
21,1602,30,4,3,2,1,status_0,credit_history_4,purpose_0,savings_0,employment_duration_4,other_debtors_0,property_2,other_installment_plans_2,housing_1,job_2,telephone_1,825,0,1,train
18,3966,33,1,4,3,1,status_0,credit_history_4,purpose_0,savings_0,employment_duration_4,other_debtors_0,property_0,other_installment_plans_0,housing_0,job_2,telephone_1,826,1,0,train
18,4165,36,2,2,2,2,status_3,credit_history_0,purpose_9,savings_0,employment_duration_2,other_debtors_0,property_2,other_installment_plans_1,housing_1,job_2,telephone_0,827,1,1,train
36,8335,47,3,4,1,1,status_0,credit_history_2,purpose_1,savings_4,employment_duration_4,other_debtors_0,property_3,other_installment_plans_2,housing_2,job_2,telephone_0,828,1,1,calib
48,6681,38,4,4,1,2,status_1,credit_history_3,purpose_9,savings_4,employment_duration_2,other_debtors_0,property_3,other_installment_plans_2,housing_2,job_2,telephone_1,829,0,1,train
24,2375,44,4,2,2,2,status_3,credit_history_3,purpose_9,savings_2,employment_duration_2,other_debtors_0,property_2,other_installment_plans_2,housing_1,job_2,telephone_1,830,0,1,test
18,1216,23,4,3,1,1,status_0,credit_history_2,purpose_0,savings_0,employment_duration_1,other_debtors_0,property_2,other_installment_plans_2,housing_0,job_2,telephone_1,831,1,0,train
45,11816,29,2,4,2,1,status_0,credit_history_0,purpose_9,savings_0,employment_duration_4,other_debtors_0,property_2,other_installment_plans_2,housing_0,job_2,telephone_0,832,1,1,test
24,5084,42,2,4,1,1,status_1,credit_history_2,purpose_4,savings_4,employment_duration_4,other_debtors_0,property_2,other_installment_plans_2,housing_1,job_2,telephone_1,833,0,0,train
15,2327,25,2,3,1,1,status_2,credit_history_2,purpose_4,savings_0,employment_duration_1,other_debtors_0,property_0,other_installment_plans_2,housing_1,job_1,telephone_0,834,1,0,calib
12,1082,48,4,4,2,1,status_0,credit_history_0,purpose_0,savings_0,employment_duration_2,other_debtors_0,property_2,other_installment_plans_0,housing_1,job_2,telephone_0,835,1,1,train
12,886,21,4,2,1,1,status_3,credit_history_2,purpose_4,savings_4,employment_duration_2,other_debtors_0,property_2,other_installment_plans_2,housing_1,job_2,telephone_0,836,0,0,test
4,601,23,1,3,1,2,status_3,credit_history_2,purpose_3,savings_0,employment_duration_1,other_debtors_0,property_0,other_installment_plans_2,housing_0,job_1,telephone_0,837,0,0,test
24,2957,63,4,4,2,1,status_0,credit_history_4,purpose_1,savings_0,employment_duration_4,other_debtors_0,property_1,other_installment_plans_2,housing_1,job_2,telephone_1,838,0,1,test
24,2611,46,4,3,2,1,status_3,credit_history_4,purpose_4,savings_0,employment_duration_4,other_debtors_1,property_0,other_installment_plans_2,housing_1,job_2,telephone_0,839,0,1,test
36,5179,29,4,2,1,1,status_0,credit_history_2,purpose_3,savings_0,employment_duration_3,other_debtors_0,property_1,other_installment_plans_2,housing_1,job_2,telephone_0,840,1,1,train
21,2993,28,3,2,2,1,status_3,credit_history_3,purpose_1,savings_0,employment_duration_2,other_debtors_0,property_0,other_installment_plans_1,housing_1,job_1,telephone_0,841,0,1,calib
18,1943,23,4,4,1,1,status_3,credit_history_2,purpose_6,savings_0,employment_duration_1,other_debtors_0,property_0,other_installment_plans_2,housing_1,job_2,telephone_0,842,1,0,train
24,1559,50,4,4,1,1,status_3,credit_history_1,purpose_9,savings_0,employment_duration_3,other_debtors_0,property_2,other_installment_plans_0,housing_1,job_2,telephone_1,843,0,1,calib
18,3422,47,4,4,3,2,status_3,credit_history_2,purpose_3,savings_0,employment_duration_4,other_debtors_0,property_1,other_installment_plans_0,housing_1,job_2,telephone_1,844,0,1,test
21,3976,35,2,3,1,1,status_1,credit_history_2,purpose_3,savings_4,employment_duration_3,other_debtors_0,property_2,other_installment_plans_2,housing_1,job_2,telephone_1,845,0,1,calib
18,6761,68,2,4,2,1,status_3,credit_history_2,purpose_0,savings_4,employment_duration_2,other_debtors_0,property_2,other_installment_plans_2,housing_0,job_2,telephone_0,846,1,1,train
24,1249,28,4,2,1,1,status_3,credit_history_2,purpose_0,savings_0,employment_duration_1,other_debtors_0,property_0,other_installment_plans_2,housing_1,job_2,telephone_0,847,0,1,test
9,1364,59,3,4,1,1,status_0,credit_history_2,purpose_4,savings_0,employment_duration_3,other_debtors_0,property_0,other_installment_plans_2,housing_1,job_2,telephone_0,848,0,1,train
12,709,57,4,4,1,1,status_0,credit_history_2,purpose_4,savings_0,employment_duration_4,other_debtors_0,property_0,other_installment_plans_1,housing_1,job_1,telephone_0,849,1,1,train
20,2235,33,4,2,2,1,status_0,credit_history_4,purpose_0,savings_0,employment_duration_2,other_debtors_2,property_1,other_installment_plans_0,housing_0,job_2,telephone_0,850,1,1,test
24,4042,43,3,4,2,1,status_3,credit_history_4,purpose_1,savings_4,employment_duration_3,other_debtors_0,property_1,other_installment_plans_2,housing_1,job_2,telephone_1,851,0,1,test
15,1471,35,4,4,2,1,status_3,credit_history_4,purpose_4,savings_0,employment_duration_2,other_debtors_0,property_3,other_installment_plans_2,housing_2,job_2,telephone_1,852,0,1,train
18,1442,32,4,4,2,2,status_0,credit_history_1,purpose_0,savings_0,employment_duration_3,other_debtors_0,property_3,other_installment_plans_2,housing_2,job_1,telephone_0,853,1,1,test
36,10875,45,2,2,2,2,status_3,credit_history_3,purpose_0,savings_0,employment_duration_4,other_debtors_0,property_2,other_installment_plans_2,housing_1,job_2,telephone_1,854,0,1,train
24,1474,33,4,3,1,1,status_3,credit_history_2,purpose_0,savings_1,employment_duration_1,other_debtors_0,property_0,other_installment_plans_2,housing_1,job_2,telephone_1,855,0,1,train
10,894,40,4,3,1,1,status_3,credit_history_2,purpose_8,savings_4,employment_duration_3,other_debtors_0,property_1,other_installment_plans_2,housing_1,job_2,telephone_1,856,0,0,calib
15,3343,28,4,2,1,1,status_3,credit_history_4,purpose_3,savings_0,employment_duration_2,other_debtors_0,property_3,other_installment_plans_2,housing_2,job_2,telephone_1,857,0,1,test
15,3959,29,3,2,1,1,status_0,credit_history_2,purpose_0,savings_0,employment_duration_2,other_debtors_0,property_1,other_installment_plans_2,housing_1,job_2,telephone_1,858,1,0,train
9,3577,26,1,2,1,2,status_3,credit_history_2,purpose_0,savings_1,employment_duration_2,other_debtors_2,property_0,other_installment_plans_2,housing_0,job_2,telephone_0,859,0,1,test
24,5804,27,4,2,2,1,status_3,credit_history_4,purpose_1,savings_3,employment_duration_2,other_debtors_0,property_0,other_installment_plans_2,housing_1,job_2,telephone_0,860,0,1,train
18,2169,28,4,2,1,1,status_3,credit_history_3,purpose_9,savings_0,employment_duration_2,other_debtors_0,property_2,other_installment_plans_2,housing_1,job_2,telephone_1,861,1,1,train
24,2439,35,4,4,1,1,status_0,credit_history_2,purpose_4,savings_0,employment_duration_1,other_debtors_0,property_0,other_installment_plans_2,housing_1,job_2,telephone_1,862,1,0,test
27,4526,32,4,2,2,2,status_3,credit_history_4,purpose_3,savings_3,employment_duration_1,other_debtors_0,property_0,other_installment_plans_1,housing_1,job_1,telephone_1,863,0,1,train
10,2210,25,2,2,1,1,status_3,credit_history_2,purpose_3,savings_0,employment_duration_2,other_debtors_0,property_0,other_installment_plans_0,housing_0,job_1,telephone_0,864,1,1,train
15,2221,20,2,4,1,1,status_3,credit_history_2,purpose_3,savings_2,employment_duration_2,other_debtors_0,property_2,other_installment_plans_2,housing_0,job_2,telephone_0,865,0,0,train
18,2389,27,4,1,1,1,status_0,credit_history_2,purpose_4,savings_0,employment_duration_1,other_debtors_0,property_2,other_installment_plans_1,housing_1,job_2,telephone_0,866,0,0,train
12,3331,42,2,4,1,1,status_3,credit_history_4,purpose_3,savings_0,employment_duration_4,other_debtors_0,property_1,other_installment_plans_1,housing_1,job_2,telephone_0,867,0,1,train
36,7409,37,3,2,2,1,status_3,credit_history_2,purpose_9,savings_4,employment_duration_4,other_debtors_0,property_1,other_installment_plans_2,housing_1,job_2,telephone_0,868,0,1,train
12,652,24,4,4,1,1,status_0,credit_history_2,purpose_3,savings_0,employment_duration_4,other_debtors_0,property_1,other_installment_plans_2,housing_0,job_2,telephone_0,869,0,0,train
36,7678,40,2,4,2,1,status_3,credit_history_3,purpose_3,savings_2,employment_duration_3,other_debtors_0,property_2,other_installment_plans_2,housing_1,job_2,telephone_1,870,0,0,train
6,1343,46,1,4,2,2,status_2,credit_history_4,purpose_0,savings_0,employment_duration_4,other_debtors_0,property_0,other_installment_plans_2,housing_1,job_2,telephone_0,871,0,1,test
24,1382,26,4,1,2,1,status_0,credit_history_4,purpose_9,savings_1,employment_duration_3,other_debtors_0,property_0,other_installment_plans_2,housing_1,job_2,telephone_1,872,0,1,train
15,874,24,4,1,1,1,status_3,credit_history_2,purpose_5,savings_4,employment_duration_1,other_debtors_0,property_0,other_installment_plans_2,housing_1,job_2,telephone_0,873,0,0,calib
12,3590,29,2,2,1,2,status_0,credit_history_2,purpose_3,savings_0,employment_duration_2,other_debtors_1,property_1,other_installment_plans_2,housing_1,job_1,telephone_0,874,0,1,train
11,1322,40,4,4,2,1,status_1,credit_history_4,purpose_0,savings_3,employment_duration_2,other_debtors_0,property_2,other_installment_plans_2,housing_1,job_2,telephone_0,875,0,0,train
18,1940,36,3,4,1,1,status_0,credit_history_1,purpose_4,savings_0,employment_duration_1,other_debtors_1,property_3,other_installment_plans_0,housing_2,job_3,telephone_1,876,0,1,train
36,3595,28,4,2,1,1,status_3,credit_history_2,purpose_4,savings_0,employment_duration_4,other_debtors_0,property_2,other_installment_plans_2,housing_1,job_2,telephone_0,877,0,1,train
9,1422,27,3,2,1,1,status_0,credit_history_2,purpose_0,savings_0,employment_duration_1,other_debtors_0,property_3,other_installment_plans_2,housing_2,job_3,telephone_1,878,1,1,train
30,6742,36,2,3,2,1,status_3,credit_history_4,purpose_4,savings_4,employment_duration_3,other_debtors_0,property_1,other_installment_plans_2,housing_1,job_2,telephone_0,879,0,1,test
24,7814,38,3,3,1,1,status_3,credit_history_2,purpose_1,savings_0,employment_duration_3,other_debtors_0,property_2,other_installment_plans_2,housing_1,job_3,telephone_1,880,0,1,train
24,9277,48,2,4,1,1,status_3,credit_history_2,purpose_1,savings_4,employment_duration_2,other_debtors_0,property_3,other_installment_plans_2,housing_2,job_2,telephone_1,881,0,1,test
30,2181,36,4,4,2,1,status_1,credit_history_4,purpose_0,savings_4,employment_duration_4,other_debtors_0,property_0,other_installment_plans_2,housing_1,job_2,telephone_0,882,0,1,calib
18,1098,65,4,4,2,1,status_3,credit_history_4,purpose_4,savings_0,employment_duration_0,other_debtors_0,property_2,other_installment_plans_2,housing_1,job_0,telephone_0,883,0,0,test
24,4057,43,3,3,1,1,status_1,credit_history_2,purpose_3,savings_0,employment_duration_3,other_debtors_0,property_2,other_installment_plans_2,housing_1,job_2,telephone_1,884,1,1,train
12,795,53,4,4,1,1,status_0,credit_history_2,purpose_7,savings_0,employment_duration_1,other_debtors_0,property_1,other_installment_plans_2,housing_1,job_2,telephone_0,885,1,0,train
24,2825,34,4,3,2,2,status_1,credit_history_4,purpose_9,savings_4,employment_duration_3,other_debtors_0,property_3,other_installment_plans_2,housing_1,job_2,telephone_1,886,0,1,test
48,15672,23,2,2,1,1,status_1,credit_history_2,purpose_9,savings_0,employment_duration_2,other_debtors_0,property_2,other_installment_plans_2,housing_1,job_2,telephone_1,887,1,1,train
36,6614,34,4,4,2,1,status_3,credit_history_4,purpose_0,savings_0,employment_duration_4,other_debtors_0,property_2,other_installment_plans_2,housing_1,job_3,telephone_1,888,0,1,train
28,7824,40,3,4,2,2,status_3,credit_history_1,purpose_1,savings_4,employment_duration_1,other_debtors_2,property_0,other_installment_plans_0,housing_0,job_2,telephone_1,889,0,1,train
27,2442,43,4,4,4,2,status_0,credit_history_4,purpose_9,savings_0,employment_duration_4,other_debtors_0,property_2,other_installment_plans_1,housing_1,job_3,telephone_1,890,0,1,train
15,1829,46,4,4,2,1,status_3,credit_history_4,purpose_4,savings_0,employment_duration_4,other_debtors_0,property_2,other_installment_plans_2,housing_1,job_2,telephone_1,891,0,1,train
12,2171,38,4,4,2,1,status_0,credit_history_4,purpose_0,savings_0,employment_duration_2,other_debtors_0,property_1,other_installment_plans_0,housing_1,job_1,telephone_0,892,0,1,train
36,5800,34,3,4,2,1,status_1,credit_history_4,purpose_1,savings_0,employment_duration_2,other_debtors_0,property_2,other_installment_plans_2,housing_1,job_2,telephone_1,893,0,1,calib
18,1169,29,4,3,2,1,status_3,credit_history_4,purpose_4,savings_4,employment_duration_2,other_debtors_0,property_1,other_installment_plans_2,housing_1,job_2,telephone_1,894,0,1,train
36,8947,31,3,2,1,2,status_3,credit_history_3,purpose_1,savings_4,employment_duration_3,other_debtors_0,property_2,other_installment_plans_1,housing_1,job_3,telephone_1,895,0,1,test
21,2606,28,4,4,1,1,status_0,credit_history_2,purpose_4,savings_0,employment_duration_1,other_debtors_0,property_1,other_installment_plans_2,housing_0,job_3,telephone_1,896,0,0,train
12,1592,35,3,2,1,1,status_3,credit_history_4,purpose_3,savings_3,employment_duration_3,other_debtors_0,property_1,other_installment_plans_2,housing_1,job_2,telephone_0,897,0,0,test
15,2186,33,1,4,1,1,status_3,credit_history_2,purpose_3,savings_4,employment_duration_3,other_debtors_0,property_0,other_installment_plans_0,housing_0,job_1,telephone_0,898,0,0,train
18,4153,42,2,3,1,1,status_0,credit_history_2,purpose_3,savings_0,employment_duration_2,other_debtors_1,property_2,other_installment_plans_2,housing_1,job_2,telephone_0,899,1,1,train
16,2625,43,2,4,1,1,status_0,credit_history_4,purpose_0,savings_0,employment_duration_4,other_debtors_2,property_1,other_installment_plans_0,housing_0,job_2,telephone_1,900,1,1,train
20,3485,44,2,4,2,1,status_3,credit_history_4,purpose_0,savings_4,employment_duration_1,other_debtors_0,property_0,other_installment_plans_2,housing_1,job_2,telephone_1,901,0,1,train
36,10477,42,2,4,2,1,status_3,credit_history_4,purpose_1,savings_4,employment_duration_4,other_debtors_0,property_3,other_installment_plans_2,housing_2,job_2,telephone_0,902,0,1,train
15,1386,40,4,2,1,1,status_3,credit_history_2,purpose_4,savings_4,employment_duration_2,other_debtors_0,property_0,other_installment_plans_2,housing_0,job_2,telephone_1,903,0,1,train
24,1278,36,4,1,1,1,status_3,credit_history_2,purpose_4,savings_0,employment_duration_4,other_debtors_0,property_0,other_installment_plans_2,housing_1,job_3,telephone_1,904,0,1,calib
12,1107,20,2,2,1,2,status_0,credit_history_2,purpose_4,savings_0,employment_duration_2,other_debtors_0,property_0,other_installment_plans_2,housing_0,job_3,telephone_1,905,0,1,calib
21,3763,24,2,2,1,1,status_0,credit_history_2,purpose_0,savings_4,employment_duration_3,other_debtors_1,property_0,other_installment_plans_2,housing_1,job_1,telephone_0,906,0,1,test
36,3711,27,2,2,1,1,status_1,credit_history_2,purpose_7,savings_4,employment_duration_2,other_debtors_0,property_2,other_installment_plans_2,housing_1,job_2,telephone_0,907,0,1,train
15,3594,46,1,2,2,1,status_3,credit_history_3,purpose_1,savings_0,employment_duration_1,other_debtors_0,property_1,other_installment_plans_2,housing_1,job_1,telephone_0,908,0,0,train
9,3195,33,1,2,1,1,status_1,credit_history_2,purpose_0,savings_4,employment_duration_2,other_debtors_0,property_0,other_installment_plans_2,housing_1,job_1,telephone_0,909,0,0,train
36,4454,34,4,4,2,1,status_3,credit_history_3,purpose_4,savings_0,employment_duration_2,other_debtors_0,property_0,other_installment_plans_2,housing_1,job_2,telephone_0,910,0,0,train
24,4736,25,2,4,1,1,status_1,credit_history_4,purpose_3,savings_0,employment_duration_1,other_debtors_0,property_2,other_installment_plans_0,housing_1,job_1,telephone_0,911,1,0,train
30,2991,25,2,4,1,1,status_1,credit_history_2,purpose_4,savings_4,employment_duration_4,other_debtors_0,property_2,other_installment_plans_2,housing_1,job_2,telephone_0,912,0,0,train
11,2142,28,1,2,1,1,status_3,credit_history_2,purpose_9,savings_3,employment_duration_4,other_debtors_0,property_0,other_installment_plans_2,housing_1,job_2,telephone_1,913,0,1,test
24,3161,31,4,2,1,1,status_0,credit_history_1,purpose_9,savings_0,employment_duration_2,other_debtors_0,property_1,other_installment_plans_2,housing_0,job_2,telephone_1,914,1,1,test
48,18424,32,1,2,1,1,status_1,credit_history_0,purpose_2,savings_0,employment_duration_2,other_debtors_0,property_1,other_installment_plans_0,housing_1,job_3,telephone_1,915,1,0,train
10,2848,32,1,2,1,2,status_3,credit_history_2,purpose_1,savings_1,employment_duration_2,other_debtors_1,property_0,other_installment_plans_2,housing_1,job_2,telephone_0,916,0,1,train
6,14896,68,1,4,1,1,status_0,credit_history_2,purpose_0,savings_0,employment_duration_4,other_debtors_0,property_3,other_installment_plans_0,housing_1,job_3,telephone_1,917,1,1,calib
24,2359,33,1,1,1,1,status_0,credit_history_2,purpose_3,savings_1,employment_duration_0,other_debtors_0,property_1,other_installment_plans_2,housing_1,job_2,telephone_0,918,1,1,train
24,3345,39,4,2,1,1,status_0,credit_history_2,purpose_3,savings_0,employment_duration_4,other_debtors_0,property_1,other_installment_plans_2,housing_0,job_3,telephone_1,919,1,1,calib
18,1817,28,4,2,2,1,status_3,credit_history_4,purpose_3,savings_0,employment_duration_2,other_debtors_0,property_3,other_installment_plans_2,housing_1,job_2,telephone_0,920,0,0,test
48,12749,37,4,1,1,1,status_3,credit_history_3,purpose_4,savings_2,employment_duration_3,other_debtors_0,property_2,other_installment_plans_2,housing_1,job_3,telephone_1,921,0,1,train
9,1366,22,3,4,1,1,status_0,credit_history_2,purpose_4,savings_0,employment_duration_1,other_debtors_0,property_1,other_installment_plans_2,housing_0,job_2,telephone_0,922,1,0,train
12,2002,30,3,4,1,2,status_1,credit_history_2,purpose_0,savings_0,employment_duration_3,other_debtors_0,property_1,other_installment_plans_2,housing_0,job_2,telephone_1,923,0,1,test
24,6872,55,2,1,1,1,status_0,credit_history_1,purpose_3,savings_0,employment_duration_1,other_debtors_0,property_1,other_installment_plans_0,housing_1,job_2,telephone_1,924,1,1,train
12,697,46,4,2,2,1,status_0,credit_history_1,purpose_0,savings_0,employment_duration_1,other_debtors_0,property_2,other_installment_plans_0,housing_1,job_2,telephone_1,925,1,1,train
18,1049,21,4,4,1,1,status_0,credit_history_4,purpose_3,savings_0,employment_duration_1,other_debtors_0,property_1,other_installment_plans_2,housing_0,job_2,telephone_0,926,0,0,train
48,10297,39,4,4,3,2,status_0,credit_history_2,purpose_1,savings_0,employment_duration_3,other_debtors_0,property_3,other_installment_plans_1,housing_2,job_2,telephone_1,927,1,1,train
30,1867,58,4,4,1,1,status_3,credit_history_2,purpose_4,savings_4,employment_duration_4,other_debtors_0,property_2,other_installment_plans_2,housing_1,job_2,telephone_1,928,0,1,test
12,1344,43,4,2,2,2,status_0,credit_history_3,purpose_0,savings_0,employment_duration_2,other_debtors_0,property_0,other_installment_plans_2,housing_1,job_1,telephone_0,929,0,1,test
24,1747,24,4,1,1,1,status_0,credit_history_2,purpose_3,savings_0,employment_duration_1,other_debtors_1,property_1,other_installment_plans_2,housing_1,job_1,telephone_0,930,0,1,calib
9,1670,22,4,2,1,1,status_1,credit_history_2,purpose_4,savings_0,employment_duration_1,other_debtors_0,property_2,other_installment_plans_2,housing_1,job_2,telephone_1,931,1,0,train
9,1224,30,3,1,2,1,status_3,credit_history_4,purpose_0,savings_0,employment_duration_2,other_debtors_0,property_0,other_installment_plans_2,housing_1,job_2,telephone_0,932,0,1,test
12,522,42,4,4,2,2,status_3,credit_history_4,purpose_4,savings_2,employment_duration_4,other_debtors_0,property_1,other_installment_plans_2,housing_1,job_2,telephone_1,933,0,1,test
12,1498,23,4,1,1,1,status_0,credit_history_2,purpose_4,savings_0,employment_duration_2,other_debtors_0,property_2,other_installment_plans_0,housing_1,job_2,telephone_0,934,0,0,train
30,1919,30,4,3,2,1,status_1,credit_history_3,purpose_4,savings_1,employment_duration_1,other_debtors_0,property_3,other_installment_plans_1,housing_1,job_3,telephone_0,935,1,1,train
9,745,28,3,2,1,1,status_2,credit_history_2,purpose_4,savings_0,employment_duration_2,other_debtors_0,property_0,other_installment_plans_2,housing_1,job_1,telephone_0,936,1,0,train
6,2063,30,4,3,1,1,status_1,credit_history_2,purpose_4,savings_0,employment_duration_1,other_debtors_0,property_2,other_installment_plans_2,housing_0,job_3,telephone_1,937,0,1,train
60,6288,42,4,4,1,1,status_1,credit_history_2,purpose_7,savings_0,employment_duration_2,other_debtors_0,property_3,other_installment_plans_2,housing_2,job_2,telephone_0,938,1,1,train
24,6842,46,2,4,2,2,status_3,credit_history_4,purpose_1,savings_4,employment_duration_2,other_debtors_0,property_1,other_installment_plans_2,housing_1,job_3,telephone_1,939,0,1,train
12,3527,45,2,3,1,2,status_3,credit_history_2,purpose_0,savings_4,employment_duration_1,other_debtors_0,property_1,other_installment_plans_2,housing_1,job_3,telephone_1,940,0,1,test
10,1546,31,3,2,1,2,status_3,credit_history_2,purpose_0,savings_0,employment_duration_2,other_debtors_0,property_0,other_installment_plans_2,housing_1,job_1,telephone_0,941,0,1,train
24,929,31,4,2,1,1,status_3,credit_history_2,purpose_3,savings_4,employment_duration_3,other_debtors_0,property_2,other_installment_plans_1,housing_1,job_2,telephone_1,942,0,1,train
4,1455,42,2,1,3,2,status_3,credit_history_4,purpose_0,savings_0,employment_duration_3,other_debtors_0,property_0,other_installment_plans_2,housing_1,job_1,telephone_0,943,0,1,test
15,1845,46,4,1,1,1,status_0,credit_history_2,purpose_3,savings_0,employment_duration_1,other_debtors_2,property_1,other_installment_plans_2,housing_0,job_2,telephone_0,944,0,0,test
48,8358,30,1,1,2,1,status_1,credit_history_0,purpose_0,savings_2,employment_duration_1,other_debtors_0,property_2,other_installment_plans_2,housing_1,job_2,telephone_0,945,0,0,train
24,3349,30,4,4,1,2,status_0,credit_history_1,purpose_3,savings_2,employment_duration_1,other_debtors_0,property_3,other_installment_plans_2,housing_2,job_2,telephone_1,946,1,1,train
12,2859,38,4,4,1,1,status_3,credit_history_2,purpose_0,savings_4,employment_duration_0,other_debtors_0,property_3,other_installment_plans_2,housing_1,job_3,telephone_1,947,0,1,train
18,1533,43,4,1,1,2,status_3,credit_history_2,purpose_3,savings_0,employment_duration_1,other_debtors_1,property_1,other_installment_plans_2,housing_1,job_1,telephone_0,948,1,1,train
24,3621,31,2,4,2,1,status_3,credit_history_2,purpose_4,savings_1,employment_duration_4,other_debtors_0,property_2,other_installment_plans_2,housing_1,job_2,telephone_0,949,1,1,calib
18,3590,40,3,3,3,2,status_1,credit_history_4,purpose_9,savings_0,employment_duration_0,other_debtors_0,property_2,other_installment_plans_2,housing_1,job_0,telephone_1,950,0,1,train
36,2145,24,2,1,2,1,status_0,credit_history_3,purpose_9,savings_0,employment_duration_3,other_debtors_0,property_2,other_installment_plans_2,housing_1,job_2,telephone_1,951,1,1,calib
24,4113,28,3,4,1,1,status_1,credit_history_2,purpose_1,savings_2,employment_duration_1,other_debtors_0,property_2,other_installment_plans_2,housing_0,job_2,telephone_0,952,1,0,calib
36,10974,26,4,2,2,1,status_3,credit_history_2,purpose_3,savings_0,employment_duration_0,other_debtors_0,property_2,other_installment_plans_2,housing_1,job_3,telephone_1,953,1,0,calib
12,1893,29,4,4,1,1,status_0,credit_history_2,purpose_0,savings_0,employment_duration_2,other_debtors_2,property_1,other_installment_plans_2,housing_1,job_2,telephone_1,954,0,0,test
24,1231,57,4,4,2,1,status_0,credit_history_4,purpose_4,savings_3,employment_duration_4,other_debtors_0,property_1,other_installment_plans_2,housing_0,job_3,telephone_1,955,0,0,calib
30,3656,49,4,4,2,1,status_2,credit_history_4,purpose_4,savings_4,employment_duration_4,other_debtors_0,property_1,other_installment_plans_1,housing_1,job_1,telephone_0,956,0,1,train
9,1154,37,2,4,3,1,status_1,credit_history_4,purpose_4,savings_0,employment_duration_4,other_debtors_0,property_0,other_installment_plans_2,housing_1,job_1,telephone_0,957,0,1,train
28,4006,45,3,2,1,1,status_0,credit_history_2,purpose_0,savings_0,employment_duration_2,other_debtors_0,property_2,other_installment_plans_2,housing_1,job_1,telephone_0,958,1,1,train
24,3069,30,4,4,1,1,status_1,credit_history_2,purpose_3,savings_1,employment_duration_4,other_debtors_0,property_3,other_installment_plans_2,housing_2,job_2,telephone_0,959,0,1,train
6,1740,30,2,2,2,1,status_3,credit_history_4,purpose_4,savings_0,employment_duration_4,other_debtors_0,property_0,other_installment_plans_2,housing_0,job_2,telephone_0,960,0,1,calib
21,2353,47,1,4,2,1,status_1,credit_history_3,purpose_0,savings_0,employment_duration_2,other_debtors_0,property_1,other_installment_plans_2,housing_1,job_2,telephone_0,961,0,1,train
15,3556,29,3,2,1,1,status_3,credit_history_2,purpose_0,savings_4,employment_duration_2,other_debtors_0,property_3,other_installment_plans_2,housing_1,job_2,telephone_0,962,0,1,calib
24,2397,35,3,2,2,1,status_3,credit_history_2,purpose_4,savings_2,employment_duration_4,other_debtors_0,property_2,other_installment_plans_0,housing_1,job_2,telephone_1,963,1,1,train
6,454,22,3,1,1,1,status_1,credit_history_2,purpose_6,savings_0,employment_duration_1,other_debtors_0,property_1,other_installment_plans_2,housing_1,job_1,telephone_0,964,0,1,train
30,1715,26,4,1,1,1,status_1,credit_history_2,purpose_4,savings_4,employment_duration_2,other_debtors_0,property_2,other_installment_plans_2,housing_1,job_2,telephone_0,965,0,0,train
27,2520,23,4,2,2,1,status_1,credit_history_4,purpose_4,savings_2,employment_duration_2,other_debtors_0,property_1,other_installment_plans_2,housing_1,job_1,telephone_0,966,1,1,test
15,3568,54,4,2,1,1,status_3,credit_history_2,purpose_4,savings_0,employment_duration_4,other_debtors_0,property_2,other_installment_plans_0,housing_0,job_3,telephone_1,967,0,0,calib
42,7166,29,2,4,1,1,status_3,credit_history_2,purpose_4,savings_4,employment_duration_3,other_debtors_0,property_1,other_installment_plans_2,housing_0,job_2,telephone_1,968,0,1,train
11,3939,40,1,2,2,2,status_0,credit_history_4,purpose_0,savings_0,employment_duration_2,other_debtors_0,property_0,other_installment_plans_2,housing_1,job_1,telephone_0,969,0,1,train
15,1514,22,4,2,1,1,status_1,credit_history_2,purpose_6,savings_1,employment_duration_2,other_debtors_2,property_0,other_installment_plans_2,housing_1,job_2,telephone_0,970,0,1,calib
24,7393,43,1,4,1,2,status_3,credit_history_2,purpose_0,savings_0,employment_duration_2,other_debtors_0,property_1,other_installment_plans_2,housing_1,job_1,telephone_0,971,0,1,calib
24,1193,29,1,4,2,1,status_0,credit_history_1,purpose_0,savings_0,employment_duration_0,other_debtors_1,property_3,other_installment_plans_2,housing_0,job_0,telephone_0,972,1,0,train
60,7297,36,4,4,1,1,status_0,credit_history_2,purpose_9,savings_0,employment_duration_4,other_debtors_1,property_3,other_installment_plans_2,housing_0,job_2,telephone_0,973,1,1,train
30,2831,33,4,2,1,1,status_3,credit_history_4,purpose_4,savings_0,employment_duration_2,other_debtors_0,property_2,other_installment_plans_2,housing_1,job_2,telephone_1,974,0,0,test
24,1258,57,3,3,1,1,status_2,credit_history_2,purpose_4,savings_2,employment_duration_2,other_debtors_0,property_2,other_installment_plans_2,housing_1,job_1,telephone_0,975,0,0,calib
6,753,64,2,3,1,1,status_1,credit_history_2,purpose_4,savings_0,employment_duration_2,other_debtors_2,property_0,other_installment_plans_2,housing_1,job_2,telephone_0,976,0,0,train
18,2427,42,4,2,2,1,status_1,credit_history_3,purpose_9,savings_4,employment_duration_4,other_debtors_0,property_1,other_installment_plans_2,housing_1,job_2,telephone_0,977,0,1,train
24,2538,47,4,4,2,2,status_3,credit_history_3,purpose_0,savings_0,employment_duration_4,other_debtors_0,property_2,other_installment_plans_2,housing_1,job_1,telephone_0,978,1,1,calib
15,1264,25,2,2,1,1,status_1,credit_history_1,purpose_0,savings_1,employment_duration_2,other_debtors_0,property_1,other_installment_plans_2,housing_0,job_2,telephone_0,979,1,1,train
30,8386,49,2,2,1,1,status_1,credit_history_4,purpose_3,savings_0,employment_duration_3,other_debtors_0,property_1,other_installment_plans_2,housing_1,job_2,telephone_0,980,1,1,train
48,4844,33,3,2,1,1,status_3,credit_history_2,purpose_9,savings_0,employment_duration_0,other_debtors_0,property_2,other_installment_plans_0,housing_0,job_3,telephone_1,981,1,1,train
21,2923,28,1,1,1,1,status_2,credit_history_2,purpose_0,savings_1,employment_duration_2,other_debtors_0,property_2,other_installment_plans_0,housing_1,job_3,telephone_1,982,0,0,train
36,8229,26,2,2,1,2,status_0,credit_history_2,purpose_1,savings_0,employment_duration_2,other_debtors_0,property_1,other_installment_plans_2,housing_1,job_2,telephone_0,983,1,1,test
24,2028,30,2,2,2,1,status_3,credit_history_4,purpose_3,savings_0,employment_duration_3,other_debtors_0,property_1,other_installment_plans_2,housing_1,job_1,telephone_0,984,0,1,test
15,1433,25,4,3,2,1,status_0,credit_history_4,purpose_3,savings_0,employment_duration_2,other_debtors_0,property_1,other_installment_plans_2,housing_0,job_2,telephone_0,985,0,0,test
42,6289,33,2,1,2,1,status_2,credit_history_0,purpose_9,savings_0,employment_duration_1,other_debtors_0,property_1,other_installment_plans_2,housing_1,job_2,telephone_0,986,0,1,train
13,1409,64,2,4,1,1,status_3,credit_history_2,purpose_4,savings_1,employment_duration_0,other_debtors_0,property_0,other_installment_plans_2,housing_1,job_2,telephone_0,987,0,0,train
24,6579,29,4,2,1,1,status_0,credit_history_2,purpose_1,savings_0,employment_duration_0,other_debtors_0,property_3,other_installment_plans_2,housing_2,job_3,telephone_1,988,0,1,calib
24,1743,48,4,2,2,1,status_1,credit_history_4,purpose_4,savings_0,employment_duration_4,other_debtors_0,property_1,other_installment_plans_2,housing_1,job_1,telephone_0,989,0,1,train
12,3565,37,2,1,2,2,status_3,credit_history_4,purpose_7,savings_4,employment_duration_1,other_debtors_0,property_1,other_installment_plans_2,housing_1,job_1,telephone_0,990,0,1,test
15,1569,34,4,4,1,2,status_3,credit_history_1,purpose_4,savings_1,employment_duration_4,other_debtors_0,property_2,other_installment_plans_0,housing_1,job_1,telephone_0,991,0,1,test
18,1936,23,2,4,2,1,status_0,credit_history_2,purpose_4,savings_4,employment_duration_3,other_debtors_0,property_2,other_installment_plans_2,housing_0,job_1,telephone_0,992,0,1,train
36,3959,30,4,3,1,1,status_0,credit_history_2,purpose_3,savings_0,employment_duration_0,other_debtors_0,property_1,other_installment_plans_2,housing_1,job_3,telephone_1,993,0,1,train
12,2390,50,4,3,1,1,status_3,credit_history_2,purpose_0,savings_4,employment_duration_4,other_debtors_0,property_2,other_installment_plans_2,housing_1,job_2,telephone_1,994,0,1,train
12,1736,31,3,4,1,1,status_3,credit_history_2,purpose_3,savings_0,employment_duration_3,other_debtors_0,property_0,other_installment_plans_2,housing_1,job_1,telephone_0,995,0,0,train
30,3857,40,4,4,1,1,status_0,credit_history_2,purpose_1,savings_0,employment_duration_2,other_debtors_0,property_1,other_installment_plans_2,housing_1,job_3,telephone_1,996,0,1,calib
12,804,38,4,4,1,1,status_3,credit_history_2,purpose_4,savings_0,employment_duration_4,other_debtors_0,property_2,other_installment_plans_2,housing_1,job_2,telephone_0,997,0,1,calib
45,1845,23,4,4,1,1,status_0,credit_history_2,purpose_4,savings_0,employment_duration_2,other_debtors_0,property_3,other_installment_plans_2,housing_2,job_2,telephone_1,998,1,1,train
45,4576,27,3,4,1,1,status_1,credit_history_4,purpose_1,savings_1,employment_duration_0,other_debtors_0,property_2,other_installment_plans_2,housing_1,job_2,telephone_0,999,0,1,test
